pubchem_id,canonical_smiles,activity_outcome,WT_Inhibition_Avg_10uM,active_label,scaffold
7965728.0,CC1CCC2=NN(C=C2C1)CC(=O)NCCCOC,Inactive,-0.04,0,c1[nH]nc2c1CCCC2
17511069.0,CC1=CC(=C(C=C1)NC(=O)CC2=CC=C(C=C2)N3C=CC=C3)C,Inactive,4.09,0,O=C(Cc1ccc(-n2cccc2)cc1)Nc1ccccc1
4247793.0,COC1=CC=CC(=C1)C2=CC(=NO2)C(=O)NC3=CC(=C(C(=C3)OC)OC)OC,Inactive,-6.14,0,O=C(Nc1ccccc1)c1cc(-c2ccccc2)on1
14724397.0,CC1CC(C2=CC=CC=C2N1C(=O)C3=CN=CC=C3)NC4=CC=CC=C4,Inactive,0.76,0,O=C(c1cccnc1)N1CCC(Nc2ccccc2)c2ccccc21
856885.0,CC(C)OC(=O)CSC1=NC(=NC(=C1C#N)SC)N,Inactive,12.04,0,c1cncnc1
4262991.0,CCC(=O)N1CCN(CC1)C2=CC=CC=C2NC(=O)C3=CC=CC(=C3)C,Inactive,-11.93,0,O=C(Nc1ccccc1N1CCNCC1)c1ccccc1
24825185.0,C1=CC(=CC=C1CNC(=O)C2=CC=C(O2)Br)F,Inactive,5.57,0,O=C(NCc1ccccc1)c1ccco1
17509502.0,COC(=O)C1=CC2=C(N1CC3=CC=CC=C3F)SC=C2,Inactive,28.52,0,c1ccc(Cn2ccc3ccsc32)cc1
22405175.0,CCCCNC(=O)CCCCC(=O)N/N=C/C1=CC=CC=C1Cl,Inactive,-1.67,0,c1ccccc1
17504176.0,CCOC1=C(C=CC(=C1)/C=N/NC2=C(C(=NC=N2)Cl)N)O,Inactive,0.14,0,C(=N/Nc1ccncn1)\c1ccccc1
24802541.0,C1CC(=O)N(C1=O)CCNC2=C(C=C(C=C2)C(=O)NC3=CC=CC=C3)[N+](=O)[O-],Inactive,-5.83,0,O=C(Nc1ccccc1)c1ccc(NCCN2C(=O)CCC2=O)cc1
24807911.0,C1COCCN1CCCNC2=C(C=C(C=C2[N+](=O)[O-])C(F)(F)F)[N+](=O)[O-],Inactive,1.89,0,c1ccc(NCCCN2CCOCC2)cc1
17516542.0,CCC1=CC=CC=C1NCC(=O)NC2=CC=CC=C2C(=O)OC,Inactive,-11.33,0,O=C(CNc1ccccc1)Nc1ccccc1
848709.0,COCCN1C(=NN=N1)C(C2=CC=CC=C2OC)N3CCN(CC3)C4=CC=CC=C4F.Cl,Inactive,-7.0,0,c1ccc(C(c2nnn[nH]2)N2CCN(c3ccccc3)CC2)cc1
7971405.0,CN1C2=C(C(=O)N(C1=O)C)N(C(=N2)CN3CCN(CC3)C(=O)C4=CC=CO4)CCCC5=CC=CC=C5,Inactive,-6.74,0,O=C(c1ccco1)N1CCN(Cc2nc3[nH]c(=O)[nH]c(=O)c3n2CCCc2ccccc2)CC1
24802030.0,CC1=CC(=NC(=N1)NC2=NC=C(N2C3=CC=C(C=C3)Br)O)C,Inactive,-4.75,0,c1ccc(-n2ccnc2Nc2ncccn2)cc1
22408770.0,C1CCC2C(C1)C(=O)N(C2=O)CCC(=O)NNC(=O)C3=CC(=CC=C3)Cl,Inactive,-22.72,0,O=C(CCN1C(=O)C2CCCCC2C1=O)NNC(=O)c1ccccc1
14741845.0,CC1(CC2=C(CS1)SC3=C2C(=O)N(C4=NCCN34)C5=CC=CC=C5)C.Cl,Inactive,-22.55,0,O=C1c2c(sc3c2CCSC3)N2CCN=C2N1c1ccccc1
4241959.0,C1CN(CCC1C(=O)NCCC2=CC=C(C=C2)Cl)S(=O)(=O)C3=CC=CC4=NON=C43,Inactive,13.28,0,O=C(NCCc1ccccc1)C1CCN(S(=O)(=O)c2cccc3nonc23)CC1
22408497.0,COC1=C(C=C(C=C1)NC(=O)CCCC2=CNC3=CC=CC=C32)OC,Inactive,5.72,0,O=C(CCCc1c[nH]c2ccccc12)Nc1ccccc1
17431958.0,CC1=NC(=NC=C1)NS(=O)(=O)C2=CC=C(C=C2)NC(=O)C3=CC(=CN=C3)Br,Inactive,-1.18,0,O=C(Nc1ccc(S(=O)(=O)Nc2ncccn2)cc1)c1cccnc1
4257116.0,CC1=C(C2=C(O1)C=CC(=C2)NS(=O)(=O)C3=CC(=C(C=C3)O)C(=O)O)C(=O)C,Inactive,28.34,0,O=S(=O)(Nc1ccc2occc2c1)c1ccccc1
848753.0,C1=CC=C(C=C1)N2C(=NC(=N2)NC(=O)CCCC(=O)O)N,Inactive,7.07,0,c1ccc(-n2cncn2)cc1
24784530.0,C1CC(CN(C1)CC2=CC(=C(C=C2)O)Cl)CCC(=O)NCC3=CC=CC=C3F,Inactive,14.03,0,O=C(CCC1CCCN(Cc2ccccc2)C1)NCc1ccccc1
24797050.0,CN(C)C1=CC=C(C=C1)C(C2=NN=NN2CC3=CC=C(C=C3)OC)N4CCC(CC4)C(=O)N,Inactive,-6.34,0,c1ccc(Cn2nnnc2C(c2ccccc2)N2CCCCC2)cc1
17408404.0,CCCN(CCC)C1=NC(=NC(=N1)NCC2=CC=CO2)Cl,Inactive,4.47,0,c1coc(CNc2ncncn2)c1
4257321.0,CC1=NC(=NO1)C2=C(N=C(C=C2)C3=CC=CC=C3)OC,Inactive,5.88,0,c1ccc(-c2ccc(-c3ncon3)cn2)cc1
4242004.0,CCOC1=CC=CC=C1C(=O)N2CCN=C2SCC3=CN=CC=C3,Inactive,-2.63,0,O=C(c1ccccc1)N1CCN=C1SCc1cccnc1
7975376.0,CC1=NN=C(NC1=O)SCCC(C)C,Inactive,-3.06,0,O=c1cnnc[nH]1
22411006.0,C1=CC(=CC(=C1)Cl)CNC(=O)C2=CC=C(C=C2)S(=O)(=O)NC3=CC=CC(=C3)C(F)(F)F,Inactive,-17.34,0,O=C(NCc1ccccc1)c1ccc(S(=O)(=O)Nc2ccccc2)cc1
24815113.0,COC1=CC=C(C=C1)S(=O)(=O)NCCC2=NN=C3N2N=C(C=C3)SCC4=CN=CC=C4,Inactive,4.88,0,O=S(=O)(NCCc1nnc2ccc(SCc3cccnc3)nn12)c1ccccc1
24820577.0,CC(C)(C)NC(=O)C1CC2CCCCC2CN1,Inactive,-11.34,0,C1CCC2CNCCC2C1
17407576.0,CC1=CC2=C(C=C(C=C2)OC)N3C1=NN=C3SCC(=O)NC4=NC(=CS4)C5=CC=CC=C5,Inactive,16.15,0,O=C(CSc1nnc2ccc3ccccc3n12)Nc1nc(-c2ccccc2)cs1
7968087.0,CN1CN2C(=O)CC(C(=C2SC1)C#N)C3=CC(=C(C=C3OC)OC)OC,Inactive,9.8,0,O=C1CC(c2ccccc2)C=C2SCNCN12
14746919.0,CC1=CC(=C(C=C1)NC(=O)/C(=C/C2=CC=C(S2)C)/C#N)C,Inactive,-9.12,0,O=C(/C=C/c1cccs1)Nc1ccccc1
853421.0,CCC(C)(C)N1C(=NN=N1)C(C2=CC=CC=C2OC)N3CCSCC3,Inactive,12.83,0,c1ccc(C(c2nnn[nH]2)N2CCSCC2)cc1
7972655.0,CCCC1=C2C(C(=C(OC2=NN1)N)C#N)C3=CC=C(C=C3)OC(=O)C4=CC=CO4,Inactive,-2.99,0,O=C(Oc1ccc(C2C=COc3n[nH]cc32)cc1)c1ccco1
4257393.0,CC(C)NS(=O)(=O)C1=CC=C(C=C1)OCC(=O)NC2=CC=CC=C2F,Inactive,-12.7,0,O=C(COc1ccccc1)Nc1ccccc1
14718805.0,C1CN(CCN1C2=CC=C(C=C2)C#N)C3=CC=C(C=C3)F,Inactive,-9.96,0,c1ccc(N2CCN(c3ccccc3)CC2)cc1
14730287.0,CCN(CC)C(=O)C1=CC2=NC3=CC=CC=C3N=C2C=C1,Inactive,-1.41,0,c1ccc2nc3ccccc3nc2c1
3711134.0,C1=CC=C(C(=C1)C2=CC=C(O2)C(=O)O)Cl,Inactive,7.48,0,c1ccc(-c2ccco2)cc1
14740142.0,CNC(=O)CC1C(=O)N(C(=S)N1NC(=O)C2=CC=C(C=C2)Cl)C,Inactive,0.69,0,O=C1CN(NC(=O)c2ccccc2)C(=S)N1
14745550.0,CC(C(=O)NCC1=CC2=C(C=C1)OCO2)SC3=NN=C(N3C4=CC=CC=C4)C5=CC=CS5,Inactive,6.11,0,O=C(CSc1nnc(-c2cccs2)n1-c1ccccc1)NCc1ccc2c(c1)OCO2
24820242.0,CC1=C(C(CC(=O)N1)/C=N/OCC2=CC=C(C=C2)Cl)C#N,Inactive,-1.84,0,O=C1CC(/C=N/OCc2ccccc2)C=CN1
24803717.0,CCC1=NC(=C2C3=C(CCCC3)SC2=N1)N4CCN(CC4)S(=O)(=O)C,Inactive,-1.88,0,c1nc(N2CCNCC2)c2c3c(sc2n1)CCCC3
7975543.0,COC1=CC=CC=C1OCCOC2=CC=C(C=C2)/C=N/N3C=NN=C3,Inactive,12.85,0,C(=N/n1cnnc1)\c1ccc(OCCOc2ccccc2)cc1
24839839.0,CN(C)CCCNCC(=O)NC1=C(C=C(C=C1)Cl)C(=O)C2=CC=CC=C2.C(=O)(C(=O)O)O,Inactive,-7.01,0,O=C(c1ccccc1)c1ccccc1
14732338.0,CC\1=NC2=CC=CC=C2/C1=C\C3=C(OC(=N3)C4=CC=C(C=C4)F)O,Inactive,9.11,0,C1=Nc2ccccc2/C1=C\c1coc(-c2ccccc2)n1
22415281.0,CC1=CC=C(C=C1)NC(=O)COC2=C(C=C(C=C2)Br)C,Inactive,8.37,0,O=C(COc1ccccc1)Nc1ccccc1
14725186.0,CC1=NC(=O)C(N1C2=CC=CC=C2)N=NC3=CC=CC=C3,Inactive,-12.7,0,O=C1N=CN(c2ccccc2)C1N=Nc1ccccc1
14722969.0,C1CC(OC1)C(CC(=O)O)C(=O)NC2=CC(=C(C=C2)Cl)Cl,Inactive,13.33,0,O=C(CC1CCCO1)Nc1ccccc1
14745761.0,CCC1=NN=C(S1)NC(=O)C2=C(N(N=C2C)C3=CC=CC=C3)Cl,Inactive,-20.95,0,O=C(Nc1nncs1)c1cnn(-c2ccccc2)c1
3717129.0,CCCCN1C2=C(C(=O)N(C1=O)CC(=O)NC3=CC(=C(C=C3)C)Cl)N(C=N2)CC4=CC=CO4,Inactive,13.52,0,O=C(Cn1c(=O)[nH]c2ncn(Cc3ccco3)c2c1=O)Nc1ccccc1
14723477.0,C1COCCN1C(=O)C2=CC=CC=C2NS(=O)(=O)C3=CC4=C(C=C3)OCCO4,Inactive,-4.54,0,O=C(c1ccccc1NS(=O)(=O)c1ccc2c(c1)OCCO2)N1CCOCC1
860574.0,C1CC(=O)N(C1=O)C2=NN3C(=CC(=NC3=N2)C4=CC=CC=C4)C5=CC=CC=C5,Inactive,6.29,0,O=C1CCC(=O)N1c1nc2nc(-c3ccccc3)cc(-c3ccccc3)n2n1
24797635.0,CC1=CC=C(C=C1)C(=O)NCCC2=NN=C(N2C)SCC(=O)NC3=CC=CC=C3OC,Inactive,8.62,0,O=C(CSc1nnc(CCNC(=O)c2ccccc2)[nH]1)Nc1ccccc1
14722529.0,CC1=CC=C(C=C1)S(=O)(=O)N2CCCC(C2)C(=O)NCCC3=CCCCC3,Inactive,-25.86,0,O=C(NCCC1=CCCCC1)C1CCCN(S(=O)(=O)c2ccccc2)C1
14732223.0,CC1=CC=C(C=C1)CNC(=O)CCNC(=O)C2=CC=C(O2)Br,Inactive,4.67,0,O=C(CCNC(=O)c1ccco1)NCc1ccccc1
850981.0,CC1=NC2=CC=CC=C2C(=C1)NC3=C(C=CC(=C3)OC)OC,Inactive,-5.36,0,c1ccc(Nc2ccnc3ccccc23)cc1
14742949.0,C1CN(CCN1C2=C(C=C(C=C2)[N+](=O)[O-])Cl)C3=NN=C(C=C3)Cl,Inactive,3.72,0,c1ccc(N2CCN(c3cccnn3)CC2)cc1
22412309.0,CCC1=CC(=C(S1)NC(=O)C2=CC=C(C=C2)OC)C(=O)N,Inactive,3.25,0,O=C(Nc1cccs1)c1ccccc1
7977223.0,CC1CCN(CC1)S(=O)(=O)C2=C(C=CC(=C2)C(=O)N3CCCC3)OC,Inactive,6.59,0,O=C(c1cccc(S(=O)(=O)N2CCCCC2)c1)N1CCCC1
17386497.0,CC(C)CC(=O)NC(=S)NC1=CC=CC(=C1)NC(=O)C2=CC=CC=C2Cl,Inactive,8.09,0,O=C(Nc1ccccc1)c1ccccc1
4244681.0,COCCN1CC2=C(C1=O)C(=CC=C2)C(=O)NC3=CN=CC=C3,Inactive,-6.63,0,O=C(Nc1cccnc1)c1cccc2c1C(=O)NC2
7974706.0,C1=CC=C2C(=C1)C(=O)N(C2=O)CCCCN(C3=CC=C(C=C3)Cl)C(=O)C4=CC=CO4,Inactive,5.88,0,O=C1c2ccccc2C(=O)N1CCCCN(C(=O)c1ccco1)c1ccccc1
17506339.0,CN(C1=CC=CC=C1)/N=C/C2=C(C=CC(=C2)[N+](=O)[O-])O,Inactive,-5.49,0,C(=N/Nc1ccccc1)\c1ccccc1
17504895.0,CC1=CC(=NC(=N1)NS(=O)(=O)C2=CC=C(C=C2)N/C=C/C(=O)C3=CC(=C(C=C3)Cl)Cl)C,Inactive,1.74,0,O=C(/C=C/Nc1ccc(S(=O)(=O)Nc2ncccn2)cc1)c1ccccc1
14732885.0,CC(C)OC(=O)NCN1C(=O)C2C3CC(C2C1=O)C=C3,Inactive,5.44,0,O=C1NC(=O)C2C3C=CC(C3)C12
852083.0,CC1=CC=C(O1)C2=NN(N=N2)CC(=O)NCCC3=CC4=C(C=C3)OCO4,Inactive,-12.1,0,O=C(Cn1nnc(-c2ccco2)n1)NCCc1ccc2c(c1)OCO2
24793523.0,CC(C12CC3CC(C1)CC(C3)C2)NC(=S)NCC4=CC=CC=C4,Inactive,5.02,0,S=C(NCc1ccccc1)NCC12CC3CC(CC(C3)C1)C2
24836090.0,CC1=C(C(=O)N(N1C)C2=CC=CC=C2)NS(=O)(=O)C3=CC(=C(C=C3)Cl)C(=O)OC(C)C(=O)NCC4=CC=CO4,Inactive,1.58,0,O=C(COC(=O)c1cccc(S(=O)(=O)Nc2c[nH]n(-c3ccccc3)c2=O)c1)NCc1ccco1
14734655.0,CC1=CC2=C(C=C1)[NH+]=C(C=C(N2)C)C.[Cl-],Inactive,2.31,0,C1=CNc2ccccc2[NH+]=C1
14744448.0,C1CCN(CC1)S(=O)(=O)C2=CC=C(C=C2)NC(=O)CSC3=NC=CC=N3,Inactive,16.34,0,O=C(CSc1ncccn1)Nc1ccc(S(=O)(=O)N2CCCCC2)cc1
22411425.0,CC(C1=CC=CO1)N(C2=CC=CC=N2)C(=O)C3=CC=CC=C3NS(=O)(=O)C4=CC=C(C=C4)Cl,Inactive,27.83,0,O=C(c1ccccc1NS(=O)(=O)c1ccccc1)N(Cc1ccco1)c1ccccn1
17510316.0,CC1=CC=C(C=C1)C(=O)NCC(=O)NCC(=O)OCC2=CC=C(C=C2)Cl,Inactive,1.17,0,O=C(CNC(=O)c1ccccc1)NCC(=O)OCc1ccccc1
22407509.0,CCOC(=O)C1=C(SC2=C1CCC2)NC(=O)COC(=O)C3=CC=CC=N3,Inactive,-4.44,0,O=C(COC(=O)c1ccccn1)Nc1cc2c(s1)CCC2
843727.0,COC1=C(C=C(C=C1)C(=O)N(CCN2CCOCC2)CC(=O)NC3CCCC3)OC,Inactive,-10.65,0,O=C(CN(CCN1CCOCC1)C(=O)c1ccccc1)NC1CCCC1
846220.0,CC1(C=CC2=C(O1)C3=C(C=CC(=C3)OC)NC2=O)C,Inactive,22.83,0,O=c1[nH]c2ccccc2c2c1C=CCO2
24834379.0,CCN(CC)S(=O)(=O)C1=CC(=C(C=C1)OC)NC(=O)C2=CC(=O)NC3=CC=CC=C32,Inactive,15.34,0,O=C(Nc1ccccc1)c1cc(=O)[nH]c2ccccc12
851854.0,C1CCC(CC1)NC(=O)N2CCCC2C(=O)NCC3=CC=CS3,Inactive,-9.13,0,O=C(NCc1cccs1)C1CCCN1C(=O)NC1CCCCC1
860473.0,C1CN(CCN1CC2=CC=CC=C2)C3=NC(=NC4=CC=CC=C43)C5=CC=CC=N5,Inactive,48.28,0,c1ccc(CN2CCN(c3nc(-c4ccccn4)nc4ccccc34)CC2)cc1
4265239.0,C1=CC(=C(C=C1NC(=O)CSC2=NC=NN2)Cl)Cl,Inactive,20.84,0,O=C(CSc1ncn[nH]1)Nc1ccccc1
4245713.0,CC1=C(C(=NO1)C)S(=O)(=O)NC2=CC=C(C=C2)C(=O)NC3=C(C=CC(=C3)OC)OC,Inactive,-10.47,0,O=C(Nc1ccccc1)c1ccc(NS(=O)(=O)c2cnoc2)cc1
24835123.0,CC(C)CN(C1CCS(=O)(=O)C1)C(=O)COC(=O)CNC(=O)C2=CC=C(C=C2)Cl,Inactive,0.0,0,O=C(COC(=O)CNC(=O)c1ccccc1)NC1CCS(=O)(=O)C1
22400769.0,COC1=CC=CC=C1OCC2=CC=C(C=C2)C(=O)N/N=C/C3=CC=CO3,Inactive,-10.22,0,O=C(N/N=C/c1ccco1)c1ccc(COc2ccccc2)cc1
17413490.0,C1=CC=C(C=C1)CSCC(=O)NC2=CC=CC(=C2)C(=O)NC3=CC=CC=C3C(=O)O,Inactive,-20.52,0,O=C(CSCc1ccccc1)Nc1cccc(C(=O)Nc2ccccc2)c1
24789254.0,C1CCN(C1)C2=CC=CC=C2NC(=O)COC3=CC=C(C=C3)Br,Inactive,-7.21,0,O=C(COc1ccccc1)Nc1ccccc1N1CCCC1
14742451.0,CC1=CC=C(C=C1)N=CC2=CC=C(C=C2)N(C)C,Inactive,-15.44,0,C(=Nc1ccccc1)c1ccccc1
865875.0,CC1=CC(=CC=C1)NC2=NC(=NC(=N2)N)CN3CCN(CC3)C,Inactive,-23.0,0,c1ccc(Nc2ncnc(CN3CCNCC3)n2)cc1
24829556.0,CC(C)C1=NC(=NN1)SCC(=O)NC2=C(C=C(C=C2)[N+](=O)[O-])Br,Inactive,-16.65,0,O=C(CSc1nc[nH]n1)Nc1ccccc1
24828312.0,CCCCN1C2=CC=CC=C2C(=NC3=CC=CC4=C3C=CN=C4)C1=O,Inactive,6.5,0,O=C1Nc2ccccc2C1=Nc1cccc2cnccc12
857680.0,CSCCC(CO)NC(=O)OCC1=CC=CC=C1,Inactive,-3.97,0,c1ccccc1
22409833.0,CN(C)S(=O)(=O)C1=CC=CC(=C1)NS(=O)(=O)C2=CC=C(S2)Cl,Inactive,7.65,0,O=S(=O)(Nc1ccccc1)c1cccs1
22401839.0,COC1=C(C=CC(=C1)C(=O)NC2=C(C=CC(=C2)C(F)(F)F)N3CCOCC3)O,Inactive,7.04,0,O=C(Nc1ccccc1N1CCOCC1)c1ccccc1
857792.0,C1CCN(CC1)CCCNCC2C3=CC=CC=C3CCO2.Cl,Inactive,-17.72,0,c1ccc2c(c1)CCOC2CNCCCN1CCCCC1
17410543.0,CCOC(=O)C(=CNC1=CC(=NN1C(C)(C)C)C)C(=O)OCC,Inactive,-5.48,0,c1cn[nH]c1
24797276.0,CC1=CC=CC=C1N=C2C(C(=O)C3=CC=CC=C32)[N+](=O)[O-],Inactive,-3.93,0,O=C1CC(=Nc2ccccc2)c2ccccc21
861796.0,CCOC(=O)C1=C(N(C2=C1C(=C(C=C2)OC)NC(=O)CCN3CCSCC3)C)C,Inactive,-1.09,0,O=C(CCN1CCSCC1)Nc1cccc2[nH]ccc12
4243486.0,CC1=C(OC=N1)C(=O)NC2=CC3=C(C=C2)OCCO3,Inactive,18.72,0,O=C(Nc1ccc2c(c1)OCCO2)c1cnco1
24785661.0,C1CN(CCN1C2=CC=CC=N2)C(=S)NC3=CC=C(C=C3)OC4=CC=CC=C4,Inactive,25.22,0,S=C(Nc1ccc(Oc2ccccc2)cc1)N1CCN(c2ccccn2)CC1
22416595.0,CC(C)NC(=O)CCC1=CC=C(C=C1)OC,Inactive,-9.39,0,c1ccccc1
14722119.0,CCOC(=O)C1=C(NC2=NC3=CC=CC=C3N2C1C4=CC=CC=C4)C,Inactive,-7.03,0,C1=CC(c2ccccc2)n2c(nc3ccccc32)N1
4242879.0,C1CC2=C(C(C(=C(N2C3=CC=CC=C3)N)C#N)C4=CSC=C4)C(=O)C1,Inactive,-1.42,0,O=C1CCCC2=C1C(c1ccsc1)C=CN2c1ccccc1
24806084.0,C1=COC(=C1)C2=NC(=NN2)SC3=NC=C(C=C3)[N+](=O)[O-],Inactive,-3.94,0,c1ccc(Sc2n[nH]c(-c3ccco3)n2)nc1
24792656.0,COC1=CC=C(C=C1)CNC(=O)C2=CC=CC=C2NS(=O)(=O)C,Inactive,-1.65,0,O=C(NCc1ccccc1)c1ccccc1
842503.0,CN(CC(=O)NCC1CCCO1)S(=O)(=O)C2=C(C=CC(=C2)Cl)Cl,Inactive,-17.23,0,O=C(CNS(=O)(=O)c1ccccc1)NCC1CCCO1
860537.0,COC1=CC=CC(=C1)NC(=O)C2CC(=O)N3C=NN=C3S2,Inactive,14.87,0,O=C(Nc1ccccc1)C1CC(=O)n2cnnc2S1
22401656.0,C1=CC=C(C=C1)C2=CC=C(O2)/C=N/NC(=O)CC3=NN=C(S3)N,Inactive,-9.37,0,O=C(Cc1nncs1)N/N=C/c1ccc(-c2ccccc2)o1
845310.0,CCCCCCC(=O)N1CCC(CC1)C2=NC3=C(C(=O)N2)N=NN3CC4=CC=CC=C4Cl,Inactive,8.14,0,O=c1[nH]c(C2CCNCC2)nc2c1nnn2Cc1ccccc1
24806225.0,C1CN(CCC1C(=O)N2CCN(CC2)CC3=CC4=C(C=C3)OCO4)CC5=CC=CS5.C(=O)(C(=O)O)O,Inactive,-10.39,0,O=C(C1CCN(Cc2cccs2)CC1)N1CCN(Cc2ccc3c(c2)OCO3)CC1
24784596.0,CCCCOC1=CC=C(C=C1)N2CC(CC2=O)C(=O)NCCC3=CC(=C(C=C3)OC)OC,Inactive,-14.82,0,O=C(NCCc1ccccc1)C1CC(=O)N(c2ccccc2)C1
22415801.0,CN(C)CCNC(=O)/C(=C/C1=CC(=CC=C1)[N+](=O)[O-])/NC(=O)C2=CC=CC=C2,Inactive,8.61,0,O=C(N/C=C\c1ccccc1)c1ccccc1
4247165.0,C1CN(CCC1C(=O)N2CCC3(CC2)OCCO3)C4=NC5=C(S4)C=C(C=C5)Br,Inactive,-7.93,0,O=C(C1CCN(c2nc3ccccc3s2)CC1)N1CCC2(CC1)OCCO2
7967565.0,C1CC1(C2=CC=CC=C2)NC(=O)NCC3=CC=C(C=C3)S(=O)(=O)N,Inactive,11.32,0,O=C(NCc1ccccc1)NC1(c2ccccc2)CC1
17402831.0,CCN1C(=NN=C1SCC2=CC(=CC=C2)OC)C3=C(N(N=C3)C4=CC=CC=C4)C(F)(F)F,Inactive,51.66,0,c1ccc(CSc2nnc(-c3cnn(-c4ccccc4)c3)[nH]2)cc1
24817374.0,CC(=O)CC(=O)NC1=C(C=C(C=N1)C(F)(F)F)Cl,Inactive,-0.05,0,c1ccncc1
24800678.0,C1CC(CN(C1)C(=O)CCN2CCCO2)C(=O)C3=CC=C(C=C3)C(F)(F)F,Inactive,-5.36,0,O=C(c1ccccc1)C1CCCN(C(=O)CCN2CCCO2)C1
4245290.0,CCOC(=O)C1=C(N(N=N1)C2=NON=C2N)CSC3=CC=CC=N3,Inactive,-4.55,0,c1ccc(SCc2cnnn2-c2cnon2)nc1
24817496.0,C1=CC=C(C=C1)/C=N/NC(=O)C2=C(C=NN2)Br,Inactive,0.9,0,O=C(N/N=C/c1ccccc1)c1ccn[nH]1
24832348.0,CC1=NC2=CC=CC=C2C(=C1)C(=O)OCC(=O)NC3=CC(=CC=C3)S(=O)(=O)N(C)C,Inactive,-5.05,0,O=C(COC(=O)c1ccnc2ccccc12)Nc1ccccc1
24820481.0,C1COCCN1C(=O)/C=C/C2=CC=C(C=C2)OCC3=C(C=CC=C3Cl)F,Inactive,4.98,0,O=C(/C=C/c1ccc(OCc2ccccc2)cc1)N1CCOCC1
14729944.0,C1CN(CCN1C2=C(C=C(C=N2)C(F)(F)F)Cl)C(=O)NC3=CC4=C(C=C3)OCO4,Inactive,18.05,0,O=C(Nc1ccc2c(c1)OCO2)N1CCN(c2ccccn2)CC1
17509162.0,C1=CC=C(C=C1)CNC2=NC(=C(S2)Cl)S(=O)(=O)C3=CC=CC=C3,Inactive,23.44,0,O=S(=O)(c1ccccc1)c1csc(NCc2ccccc2)n1
14728332.0,CC1=C(SC=C1)CNN2C=NN=C2SCC3=CC=C(C=C3)Cl,Inactive,6.48,0,c1ccc(CSc2nncn2NCc2cccs2)cc1
17407629.0,C1=CC=C2C(=C1)N=C(N2CC(=O)C3=CC=C(C=C3)Br)C(F)(F)F,Inactive,-5.57,0,O=C(Cn1cnc2ccccc21)c1ccccc1
24822067.0,COC1=CN=C(N=C1OC)C2=CC=CC=C2,Inactive,-11.48,0,c1ccc(-c2ncccn2)cc1
17514774.0,COC1=CC=CC(=C1)N2CC(CC2=O)C(=O)NC3=NN=C(S3)SCC(=O)C4=CC=CC=C4,Inactive,6.2,0,O=C(CSc1nnc(NC(=O)C2CC(=O)N(c3ccccc3)C2)s1)c1ccccc1
24796727.0,C1CCC2=C(C1)C(=C(S2)NC(=S)NC3=CC=C(C=C3)F)C(=O)N,Inactive,11.28,0,S=C(Nc1ccccc1)Nc1cc2c(s1)CCCC2
848453.0,C1CN(C(CN1S(=O)(=O)C2=CC=CC=C2)C(=O)NCC3=CC=CO3)S(=O)(=O)C4=CC=CC=C4,Inactive,7.73,0,O=C(NCc1ccco1)C1CN(S(=O)(=O)c2ccccc2)CCN1S(=O)(=O)c1ccccc1
845690.0,COC(=O)N1C2=CC=CC=C2OC1=O,Inactive,8.95,0,O=c1[nH]c2ccccc2o1
17387304.0,CCCN1C(=O)/C(=C/C=C\2/C(C3=CC=CC=C3N2CC)(C)C)/SC1=S,Inactive,21.15,0,O=C1NC(=S)S/C1=C\C=C1\Cc2ccccc2N1
24801825.0,C1=CC=C(C(=C1)NC(=O)CSC2=NN=NN2CC(=O)O)F,Inactive,-20.88,0,O=C(CSc1nnn[nH]1)Nc1ccccc1
22402134.0,CC1=CC2=C(C=C1)N=C(S2)NC(=O)CSC3=NN=CC(=O)N3N,Inactive,13.16,0,O=C(CSc1nncc(=O)[nH]1)Nc1nc2ccccc2s1
17410234.0,CN(CCOC1=CC=C(C=C1)C2=NN(C=C2)S(=O)(=O)C3=C(C=CC=C3Cl)Cl)C4=CC=CC=N4,Inactive,-6.46,0,O=S(=O)(c1ccccc1)n1ccc(-c2ccc(OCCNc3ccccn3)cc2)n1
851881.0,C1=CC=C2C(=C1)C3=NC4=CC=CC=C4C(=O)N3C=N2,Inactive,10.84,0,O=c1c2ccccc2nc2c3ccccc3ncn12
862977.0,CON1C(=O)C2=CC=CC=C2N=C1SCC(=O)N,Inactive,-0.35,0,O=c1[nH]cnc2ccccc12
14745319.0,C1COCCN1S(=O)(=O)C2=CC=C(C=C2)NC(=O)CSC3=NC(=CC(=O)N3)N,Inactive,17.91,0,O=C(CSc1nccc(=O)[nH]1)Nc1ccc(S(=O)(=O)N2CCOCC2)cc1
24789353.0,C1=COC(=C1)/C=C(\C(=O)NCCO)/NC(=O)C2=CC=CS2,Inactive,12.1,0,O=C(N/C=C/c1ccco1)c1cccs1
3712806.0,CC(C)(C)C1=NN(C(=C1)NC(=O)COC(=O)C2=CC3=C(C=C2)C(=O)N4CCCC4=N3)C5=CC=CC=C5,Inactive,17.01,0,O=C(COC(=O)c1ccc2c(=O)n3c(nc2c1)CCC3)Nc1ccnn1-c1ccccc1
858414.0,CC1=CC2=C(C=C1)NC3=C2CN(CC3)C(=O)CN4CCN(CC4)C5=CC=CC=C5,Inactive,4.59,0,O=C(CN1CCN(c2ccccc2)CC1)N1CCc2[nH]c3ccccc3c2C1
24828210.0,CCC1=NN=C(S1)NC(=O)/C=C/C2=CC=CS2,Inactive,0.68,0,O=C(/C=C/c1cccs1)Nc1nncs1
852039.0,CCC(C)(C)N1C(=NN=N1)C(C2=CC=CS2)N3CCN(CC3)CC4=CC=CC=C4,Inactive,10.31,0,c1ccc(CN2CCN(C(c3nnn[nH]3)c3cccs3)CC2)cc1
24795434.0,CCOC1=C(C=C(C=C1Cl)CNC(C)C(C2=CC=CC=C2)O)OC.Cl,Inactive,1.27,0,c1ccc(CCNCc2ccccc2)cc1
865901.0,CC1=C(C=CC=C1NC(=O)C2=CC(=C(C(=C2)OC)OC)OC)C3=NC4=C(O3)C=CC=N4,Inactive,8.32,0,O=C(Nc1cccc(-c2nc3ncccc3o2)c1)c1ccccc1
11532881.0,C1=CC=C(C=C1)C2C(=O)C3=CC=CC=C3C2=O,Inactive,9.45,0,O=C1c2ccccc2C(=O)C1c1ccccc1
14731685.0,CC1(C2(CCC1(OC2=O)C(=O)NC3=NC=CS3)C)C,Inactive,8.17,0,O=C1OC2(C(=O)Nc3nccs3)CCC1C2
22400597.0,CC1=CC(=CC=C1)/C=N/N2C(=NNC2=S)C3=CC=CC=N3,Inactive,-4.4,0,S=c1[nH]nc(-c2ccccn2)n1/N=C/c1ccccc1
24802826.0,C1=CC=C(C=C1)N2C=CC(=O)N2,Inactive,-1.36,0,O=c1ccn(-c2ccccc2)[nH]1
863679.0,COC1=CC=C(C=C1)C2(CCCC2)C(=O)O,Inactive,-4.74,0,c1ccc(C2CCCC2)cc1
3713006.0,CC1=CC=C(C=C1)NCC2=NN=C3N2CCCCC3,Inactive,-6.77,0,c1ccc(NCc2nnc3n2CCCCC3)cc1
24819364.0,CC1=C(C(=NO1)C2=C(C=CC=C2Cl)F)C(=O)NNC(=O)C3CCN(CC3)CC4=CC=CC=C4,Inactive,-9.35,0,O=C(NNC(=O)C1CCN(Cc2ccccc2)CC1)c1conc1-c1ccccc1
22413984.0,CCOC(=O)C1=NN(C2=NC(=C(C(N12)C3=CC(=CC=C3)OC)C(=O)OC)C)C4=CC=CC=C4C,Inactive,2.19,0,C1=CC(c2ccccc2)N2C=NN(c3ccccc3)C2=N1
17431713.0,C1=CC=C(C=C1)C(C2=CC=CC=C2)C(=O)NCC(=O)OCC(=O)C3=CC=CS3,Inactive,-8.03,0,O=C(CNC(=O)C(c1ccccc1)c1ccccc1)OCC(=O)c1cccs1
857740.0,C1COCCN1CCN2C(=C(C3=NC4=CC=CC=C4N=C32)C(=O)NCCC5=CC=CC=C5)N,Inactive,2.56,0,O=C(NCCc1ccccc1)c1cn(CCN2CCOCC2)c2nc3ccccc3nc12
7971865.0,CCN1CCC2=C(C1)SC(=C2C(=O)N)NC(=O)C3=CC=C(C=C3)S(=O)(=O)N4CCOCC4,Inactive,18.74,0,O=C(Nc1cc2c(s1)CNCC2)c1ccc(S(=O)(=O)N2CCOCC2)cc1
24826159.0,COC1=CC=C(C=C1)NC(=O)/C=C/C2=C(N=C3N2C=CC=C3)Cl,Inactive,-0.33,0,O=C(/C=C/c1cnc2ccccn12)Nc1ccccc1
3714116.0,CC1=C(C(=O)C2=C(O1)C(=C(C=C2)O)CN(C)C)C3=NC4=CC=CC=C4C=C3,Inactive,10.38,0,O=c1c(-c2ccc3ccccc3n2)coc2ccccc12
4261126.0,CC1=CSC(=N1)NC(=O)C2C3C=CC(C2C(=O)O)O3,Inactive,-0.37,0,O=C(Nc1nccs1)C1CC2C=CC1O2
4256159.0,CC1=C(C(=CC=C1)N(CC(=O)N)S(=O)(=O)C)C,Inactive,0.79,0,c1ccccc1
24787330.0,CC(=O)NC(C(Cl)(Cl)Cl)NC(=S)N1CCCCCC1,Inactive,1.11,0,C1CCCNCC1
4251638.0,CCC1(C(=O)NC(=NCCC2=CNC3=CC=CC=C32)NC1=O)CC,Inactive,26.11,0,O=C1CC(=O)NC(=NCCc2c[nH]c3ccccc23)N1
4247344.0,CC1=C(SC2=NC(=CN12)C3=CC=CC=C3)C(=O)N4CCN(CC4)C5=CC=CC=C5F,Inactive,29.37,0,O=C(c1cn2cc(-c3ccccc3)nc2s1)N1CCN(c2ccccc2)CC1
4256933.0,C1CCC(CC1)C2=NC(=NN2)NC(=O)C3CCCCC3,Inactive,13.21,0,O=C(Nc1n[nH]c(C2CCCCC2)n1)C1CCCCC1
24829576.0,C1=CC=C(C=C1)N2C=C(C(=N2)C3=CN=CC=C3)C(=O)NCC4=CC=NC=C4,Inactive,-4.84,0,O=C(NCc1ccncc1)c1cn(-c2ccccc2)nc1-c1cccnc1
24788354.0,CCN1C(=O)C2=C(C=C(C=C2)C(=O)NC3=CC(=CC(=C3)C)C)NC1=O,Inactive,9.39,0,O=C(Nc1ccccc1)c1ccc2c(=O)[nH]c(=O)[nH]c2c1
24786614.0,CC1=C(C=CC(=C1)C(=O)N2CCOCC2)[N+](=O)[O-],Inactive,-24.65,0,O=C(c1ccccc1)N1CCOCC1
4246395.0,COC1=C(C=C(C=C1)C2=CS/C(=N\C3=CC=CC=N3)/N2CC=C)OC,Inactive,21.44,0,c1ccc(-c2cs/c(=N\c3ccccn3)[nH]2)cc1
14747153.0,CC(C)(C)C1=CC=C(C=C1)OCCC(=O)NCC2=CC=C(C=C2)OC,Inactive,0.73,0,O=C(CCOc1ccccc1)NCc1ccccc1
24791613.0,C1CN(CCN1C2=CC=C(C=C2)NC(=O)C3=CN=CC=C3)C(=O)C4=CC=CS4,Inactive,-11.85,0,O=C(Nc1ccc(N2CCN(C(=O)c3cccs3)CC2)cc1)c1cccnc1
7970254.0,CCC1=CC=CC=C1NC(=O)C2=CN=C3N(C2=O)C(=CS3)C,Inactive,2.3,0,O=C(Nc1ccccc1)c1cnc2sccn2c1=O
17412063.0,C1=CC=C(C=C1)CC(C(=O)O)NC(=O)/C(=C\C2=CC=CO2)/NC(=O)C3=CC=C(C=C3)Br,Inactive,0.2,0,O=C(NCCc1ccccc1)/C(=C\c1ccco1)NC(=O)c1ccccc1
850295.0,COCC1=CC(=O)N2C(=NNC2=N1)C3=CC=CC=C3OC,Inactive,1.49,0,O=c1ccnc2[nH]nc(-c3ccccc3)n12
7978143.0,CC1=C(C=CC(=C1)Cl)OCC(=O)N2CCN(CC2)C,Inactive,34.14,0,O=C(COc1ccccc1)N1CCNCC1
4249068.0,CN1C2=CC=CC=C2C(=CC1=O)OCC(=O)NC3=CC=CC=N3,Inactive,1.95,0,O=C(COc1cc(=O)[nH]c2ccccc12)Nc1ccccn1
14739959.0,CC1=C(C=CC(=C1)Cl)NC(=O)CCCN2C(=O)CCC2=O,Inactive,10.21,0,O=C(CCCN1C(=O)CCC1=O)Nc1ccccc1
17510351.0,CN(C)C1=CC=C(C=C1)NC(=S)N,Inactive,-4.78,0,c1ccccc1
17412552.0,CC1=CC(=C(C=C1)NC(=S)N2CCOCC2)C,Inactive,3.76,0,S=C(Nc1ccccc1)N1CCOCC1
17432503.0,CC1(CC(=C(C(=O)C1)[N+](=O)[O-])NCCCO)C,Inactive,0.25,0,O=C1C=CCCC1
14728753.0,COC1=CC=C(C=C1)C2=NC(CO2)C3=CC=CC=C3,Inactive,-4.07,0,c1ccc(C2=NC(c3ccccc3)CO2)cc1
14723166.0,COC1=CC(=C(C=C1)OC)S(=O)(=O)N2CCC(CC2)C(=O)NCCC3=CC=CC=C3,Inactive,16.6,0,O=C(NCCc1ccccc1)C1CCN(S(=O)(=O)c2ccccc2)CC1
17511882.0,C1=CC=C(C=C1)NC2=NC(=C(C(=N2)NCC3=CC=CO3)[N+](=O)[O-])N,Inactive,35.17,0,c1ccc(Nc2nccc(NCc3ccco3)n2)cc1
17509820.0,CCOC(=O)C1=CN=C2C=CC(=CC2=C1NCC3=CC=CC=C3)OC,Inactive,53.93,0,c1ccc(CNc2ccnc3ccccc23)cc1
24837426.0,COC1=CC=C(C=C1)CNC(=O)CN2CCN(CC2)C(C3=CC=CC=C3)C4=CC=CC=C4,Inactive,21.11,0,O=C(CN1CCN(C(c2ccccc2)c2ccccc2)CC1)NCc1ccccc1
22403489.0,CC1=CC2=C3C=CSC3=CN=C2N=C1,Inactive,-1.85,0,c1cnc2ncc3sccc3c2c1
24802288.0,CN1C2=CC=CC=C2[N+](=C1C3=CC(=CC=C3)[N+](=O)[O-])C.[Cl-],Inactive,0.53,0,c1ccc(-c2[nH]c3ccccc3[nH+]2)cc1
7966754.0,C1CCC(CC1)N2CCN(CC2)C(=O)CCCCCN3C(=O)C4=C(C=CS4)NC3=O,Inactive,-1.69,0,O=C(CCCCCn1c(=O)[nH]c2ccsc2c1=O)N1CCN(C2CCCCC2)CC1
7977495.0,CC1=CC=CC=C1C(=O)N2CCC(CC2)C(=O)NC3=CC(=CC=C3)F,Inactive,0.36,0,O=C(Nc1ccccc1)C1CCN(C(=O)c2ccccc2)CC1
22406587.0,CC(C)[C@@H](C(=O)OCC(=O)NC(C)C1=CC=CC=C1)NC(=O)C2=CC(=CC(=C2)OC)OC,Inactive,-13.78,0,O=C(COC(=O)CNC(=O)c1ccccc1)NCc1ccccc1
4247272.0,CC1=CC(=C(C=C1)NC(=O)CN2C=CC=C2)Br,Inactive,-12.53,0,O=C(Cn1cccc1)Nc1ccccc1
14731693.0,CC1=CC=C(C=C1)S(=O)(=O)C2=C(N(C3=NC4=CC=CC=C4N=C23)CCCO)N,Inactive,-1.34,0,O=S(=O)(c1ccccc1)c1c[nH]c2nc3ccccc3nc12
22412478.0,CCN(CCO)CC1=CSC2=C1C=CC(=C2)C.Cl,Inactive,-11.96,0,c1ccc2sccc2c1
864303.0,CC1=CC=C(C=C1)N\2C(=O)/C(=C\C(=O)OC)/S/C2=C(\C#N)/C(=O)NCC3=CC=CO3,Inactive,-16.55,0,C=c1s/c(=C/C(=O)NCc2ccco2)n(-c2ccccc2)c1=O
14726487.0,CC1=CC=C(C=C1)C(=O)C(C)OC2=CC=CC(=C2)NC(=O)C3=CC=CO3,Inactive,-12.43,0,O=C(COc1cccc(NC(=O)c2ccco2)c1)c1ccccc1
24820211.0,C1=CC=C(C=C1)SC2=NC=C(C=N2)C#N,Inactive,-13.72,0,c1ccc(Sc2ncccn2)cc1
14728637.0,C1CCNC2=C(C=C(C=C2F)[N+](=O)[O-])C(=O)N[C@H](C(=O)NCC(=O)N[C@@H](C1)C(=O)N)CC(=O)O,Inactive,1.14,0,O=C1CNC(=O)CNC(=O)c2ccccc2NCCCCCN1
24829014.0,CN1C(=NN=N1)SCC(=O)NNC(=O)C2=CC=C(C=C2)F.CN(C)C=O,Inactive,-1.24,0,O=C(CSc1nnn[nH]1)NNC(=O)c1ccccc1
849582.0,CCCC(=O)NC1=NC=C(C=C1)NC(=O)C23CC4CC(C2)CC(C4)C3,Inactive,-6.92,0,O=C(Nc1cccnc1)C12CC3CC(CC(C3)C1)C2
17508188.0,C1=CN(C=N1)CCCNC(=O)C2=CC(=CC(=C2)[N+](=O)[O-])[N+](=O)[O-],Inactive,-2.45,0,O=C(NCCCn1ccnc1)c1ccccc1
17386920.0,C1COCCN1CC2=NN=C(N2C3=CC=CC=C3)SCC4=C(C=CC=C4Cl)F,Inactive,-3.98,0,c1ccc(CSc2nnc(CN3CCOCC3)n2-c2ccccc2)cc1
4258711.0,CCOC1=CC=CC=C1NC(=O)C2=CC=CC=C2NS(=O)(=O)C,Inactive,11.52,0,O=C(Nc1ccccc1)c1ccccc1
4257775.0,CC1CCCC(N1C(=O)CSC2=NN=C(N2C3=CC=C(C=C3)OC)C)C,Inactive,-6.52,0,O=C(CSc1nncn1-c1ccccc1)N1CCCCC1
852703.0,CC1=CC=C(C=C1)C2=CSC3=NN=C(N23)SCC(=O)N4CCN(CC4)CC5=CC=CC=C5,Inactive,-7.29,0,O=C(CSc1nnc2scc(-c3ccccc3)n12)N1CCN(Cc2ccccc2)CC1
14741539.0,COC1=CC=CC=C1/C=C\2/C(=O)N3C(=NC(=N3)C4=CC=CC=C4OC)S2,Inactive,8.0,0,O=c1/c(=C/c2ccccc2)sc2nc(-c3ccccc3)nn12
856966.0,CC(C)C(=O)N1CCN(CC1)CCN=CC2=C(N(C(=O)N(C2=O)C)C)O,Inactive,-14.64,0,O=c1[nH]cc(C=NCCN2CCNCC2)c(=O)[nH]1
14741409.0,CCN(CC)CCNC1=NCCN2C1=CC3=C2C=CC(=C3)OC.Cl,Inactive,-0.49,0,C1=NCCn2c1cc1ccccc12
14737703.0,C1=CC=C(C=C1)C(=O)CSC2=NC3=CC=CC=C3C(=O)N2CCC(=O)NCC4=CC=C(C=C4)F,Inactive,4.53,0,O=C(CCn1c(SCC(=O)c2ccccc2)nc2ccccc2c1=O)NCc1ccccc1
24811439.0,CC1=C(/C(=C/C2=CC=CS2)/C(=O)N1CCCOC)C(=O)OC,Inactive,11.43,0,O=C1NC=C/C1=C/c1cccs1
22401047.0,C1CCN(CC1)S(=O)(=O)C2=CC(=C(C=C2)Cl)NC(=O)CSC3=NC=NC4=CC=CC=C43,Inactive,17.71,0,O=C(CSc1ncnc2ccccc12)Nc1cccc(S(=O)(=O)N2CCCCC2)c1
3712545.0,CCCN(C1CCS(=O)(=O)C1)C(=O)CSC2=NN=C(N2N)C3=C(OC=C3)C,Inactive,-2.1,0,O=C(CSc1nnc(-c2ccoc2)[nH]1)NC1CCS(=O)(=O)C1
16952557.0,CN(C1CCS(=O)(=O)C1)C(=O)COC(=O)C2=C(N=CC=C2)SC,Inactive,0.05,0,O=C(COC(=O)c1cccnc1)NC1CCS(=O)(=O)C1
24796824.0,COC1=C(C=C(C=C1)C(=O)NNC(=O)C2=CC=CC=C2[N+](=O)[O-])[N+](=O)[O-],Inactive,-12.77,0,O=C(NNC(=O)c1ccccc1)c1ccccc1
17409718.0,C1=CC(=CC=C1C2=C3N=CC(=CN3N=C2)C4=C(C=C(C=N4)C(F)(F)F)Cl)Cl,Inactive,-0.25,0,c1ccc(-c2cnn3cc(-c4ccccn4)cnc23)cc1
4244521.0,CCS(=O)(=O)N1CCC(CC1)C(=O)NCCCN2CCCC2,Inactive,3.59,0,O=C(NCCCN1CCCC1)C1CCNCC1
3716051.0,CC1=NC2=CC=CC=C2C(=C1)C(=O)NC3=CC=C(C=C3)N4CCOCC4,Inactive,26.05,0,O=C(Nc1ccc(N2CCOCC2)cc1)c1ccnc2ccccc12
4265775.0,CC1=CC=CC=C1CSC2=NN=CN2N,Inactive,-26.02,0,c1ccc(CSc2nnc[nH]2)cc1
24793559.0,CCOC(=O)C1=C(SC(=C1C2=CC=C(C=C2)Cl)C)NC(=O)/C=C/C(=O)O,Inactive,-18.85,0,c1ccc(-c2ccsc2)cc1
24790292.0,CC1CCCCC1NC(=O)CSC2=NN=C(S2)C,Inactive,-6.76,0,O=C(CSc1nncs1)NC1CCCCC1
859879.0,CC1=C(SC(=N1)C)C(=O)C2=C(C(=O)N(C2C3=CC=CC=C3OC)CCN4CCOCC4)O,Inactive,-17.17,0,O=C(C1=CC(=O)N(CCN2CCOCC2)C1c1ccccc1)c1cncs1
14738294.0,CCCCCC1=CC=C(C=C1)S(=O)(=O)NCCC2=CC=NC=C2,Inactive,28.34,0,O=S(=O)(NCCc1ccncc1)c1ccccc1
24816271.0,CC1=CC=CN2C1=NC(=C(C2=O)C=NCC3=CC=CC=C3)NC4=CC=C(C=C4)OC,Inactive,10.82,0,O=c1c(C=NCc2ccccc2)c(Nc2ccccc2)nc2ccccn12
24826902.0,CC1=CC(=C(C=C1)NC(=O)CCl)C,Inactive,0.84,0,c1ccccc1
24816371.0,COC1=CC=CC=C1C2=NN=C(C=C2)SCC3=CC=C(C=C3)[N+](=O)[O-],Inactive,25.98,0,c1ccc(CSc2ccc(-c3ccccc3)nn2)cc1
17408184.0,CC1=CC2=CC3=C(N=C2C=C1)SC(=C3)C(=O)N(CC(=O)NC4CCCC4)C5=C(C=CC(=C5)C)C,Inactive,15.7,0,O=C(CN(C(=O)c1cc2cc3ccccc3nc2s1)c1ccccc1)NC1CCCC1
4257899.0,CCOC1=CC=C(C=C1)NC(=O)C2CC(=O)N(C2)C3=CC(=CC(=C3)C)C,Inactive,-14.05,0,O=C(Nc1ccccc1)C1CC(=O)N(c2ccccc2)C1
17516129.0,CC1CCC(CC1)NC(=O)C2=CC=C(C=C2)S(=O)(=O)C,Inactive,-7.24,0,O=C(NC1CCCCC1)c1ccccc1
3712159.0,COC1=CC2=C(C=C1)N=C(S2)NC(=O)CC3=CC(=C(C=C3)OC)S(=O)(=O)N4CCOCC4,Inactive,-3.27,0,O=C(Cc1cccc(S(=O)(=O)N2CCOCC2)c1)Nc1nc2ccccc2s1
24838165.0,C1COCCN1S(=O)(=O)C2=CC3=C(C=C2)OC(=N3)SCC(=O)NC4=C(C=CC=C4F)F,Inactive,0.69,0,O=C(CSc1nc2cc(S(=O)(=O)N3CCOCC3)ccc2o1)Nc1ccccc1
17512816.0,CCOC(=O)C1=C(SC(=C1C)C)NC(=S)NC(=O)C,Inactive,-4.93,0,c1ccsc1
4251753.0,COC(=O)C1=CC=C(O1)CSC2=NC=NC3=C2OC4=CC=CC=C43,Inactive,5.6,0,c1coc(CSc2ncnc3c2oc2ccccc23)c1
22407799.0,CC1=CC=CC=C1N2C(=CC(=N2)C)NC3=C(C=C(C=N3)Cl)Cl,Inactive,56.63,0,c1ccc(-n2nccc2Nc2ccccn2)cc1
22403707.0,CC1=CC(=C(C=C1)NC(=O)CSC2=NN=C(N2C3=CC=CC=C3)C4=NNC5=CC=CC=C54)C,Inactive,11.26,0,O=C(CSc1nnc(-c2n[nH]c3ccccc23)n1-c1ccccc1)Nc1ccccc1
17410544.0,COC1=C(C(=NC=C1)OC2=CC=CC=C2)C#N,Inactive,-13.58,0,c1ccc(Oc2ccccn2)cc1
24815190.0,CCOC(=O)CSC1=NN2C(=NN=C2CCNS(=O)(=O)C3=CC=CC=C3)C=C1,Inactive,-7.54,0,O=S(=O)(NCCc1nnc2cccnn12)c1ccccc1
17406784.0,CCC1=CC(=C(C=C1)OCC(=O)NC(=S)NC2=C(C=C(C=C2)C)C)Br,Inactive,4.87,0,O=C(COc1ccccc1)NC(=S)Nc1ccccc1
14744050.0,C1CCC2=NN=C(N2CC1)/C(=C/3\C4=C(C(=CC(=C4)Cl)Cl)NC3=O)/C#N,Inactive,0.52,0,O=C1Nc2ccccc2/C1=C\c1nnc2n1CCCCC2
14722402.0,CC(C)(C)NC(=O)CN(CC1=CC=CS1)C(=O)CNS(=O)(=O)C2=CC=CC=C2,Inactive,5.08,0,O=C(CNS(=O)(=O)c1ccccc1)NCc1cccs1
24781073.0,CC1=CC(=CC=C1)NC2=C3C=NN(C3=NC=N2)CC4=CC=CC=C4,Inactive,27.99,0,c1ccc(Cn2ncc3c(Nc4ccccc4)ncnc32)cc1
24801895.0,CC(=O)NC1=CC=C(C=C1)N(C(C2=CC(=C(C=C2)O)O)C(=O)NC3CCCC3)C(=O)CN4C5=CC=CC=C5N=N4,Inactive,-1.27,0,O=C(NC1CCCC1)C(c1ccccc1)N(C(=O)Cn1nnc2ccccc21)c1ccccc1
850201.0,COC1=C(C=CC(=C1)C2=NN(N=N2)CC(=O)NC3CCS(=O)(=O)C3)OCC4=CC=CC=C4,Inactive,4.8,0,O=C(Cn1nnc(-c2ccc(OCc3ccccc3)cc2)n1)NC1CCS(=O)(=O)C1
24831635.0,C=CCNC(=S)/C(=C(\C1=CC=CC=C1Br)/[O-])/[N+]2=CC=CC=C2,Inactive,3.24,0,C(=C/[n+]1ccccc1)\c1ccccc1
14739803.0,CC(C)C(C(=O)O)NC(=O)C1=CC=C(C=C1)Cl,Inactive,-6.97,0,c1ccccc1
24826752.0,CN1C=NN=C1SCC2=CC=C(C=C2)C(=O)N/N=C/C3=CC=CS3,Inactive,4.75,0,O=C(N/N=C/c1cccs1)c1ccc(CSc2nnc[nH]2)cc1
17401507.0,CCCOC1=NC=NC2=C1NC3=CC=CC=C32,Inactive,-3.86,0,c1ccc2c(c1)[nH]c1cncnc12
22414850.0,CC1=CSC(=N1)NC(=O)C(F)(F)F,Inactive,-13.11,0,c1cscn1
847611.0,CCOC(=O)CN(C(C1=CC=CC=C1C)C(=O)NCCOC)C(=O)CN2C3=CC=CC=C3N=N2,Inactive,1.25,0,O=C(Cn1nnc2ccccc21)NCc1ccccc1
17413175.0,C1=CSC(=C1)C(=O)CCNC2=CC(=CC(=C2)Cl)Cl,Inactive,16.55,0,O=C(CCNc1ccccc1)c1cccs1
17416197.0,CC1(CC2CC(C1)(CN2S(=O)(=O)C3=CC=C(C=C3)C(=O)NC4=CC(=C(C=C4)Cl)S(=O)(=O)N5CCOCC5)C)C,Inactive,12.73,0,O=C(Nc1cccc(S(=O)(=O)N2CCOCC2)c1)c1ccc(S(=O)(=O)N2CC3CCCC2C3)cc1
7971080.0,C#CCN1C2=CC=CC=C2SC1=NC(=O)CSCC(=O)N3CCOCC3,Inactive,-0.91,0,O=C(CSCC(=O)N1CCOCC1)N=c1[nH]c2ccccc2s1
853385.0,CC1=C(C(=NO1)C2=CC=NC=C2)C(=O)O,Inactive,7.4,0,c1cc(-c2ccon2)ccn1
4240539.0,CCOC(=O)N1CCN(CC1)C(=O)C2CC(=NO2)C3=C(C=CC(=C3)OC)OC,Inactive,-10.28,0,O=C(C1CC(c2ccccc2)=NO1)N1CCNCC1
4258035.0,CCC(=O)N1C(=NC(=N1)NCC2=CC=CC=C2OC)NCC3=CC=CC=C3OC,Inactive,13.73,0,c1ccc(CNc2n[nH]c(NCc3ccccc3)n2)cc1
4247129.0,CC1=NN=C(NC1=O)SCC(=O)NC2=NC=C(C=C2)Br,Inactive,-8.76,0,O=C(CSc1nncc(=O)[nH]1)Nc1ccccn1
17511007.0,CC1=CC=C(C=C1)OCCNC(=O)C2=CC(=CC(=C2)[N+](=O)[O-])C(=O)NCCOC3=CC=C(C=C3)C,Inactive,21.6,0,O=C(NCCOc1ccccc1)c1cccc(C(=O)NCCOc2ccccc2)c1
4244329.0,C1=CC=C(C=C1)C2=CSC3=NN=C(N23)SCC(=O)NCC4=CC=CO4,Inactive,-2.1,0,O=C(CSc1nnc2scc(-c3ccccc3)n12)NCc1ccco1
24821973.0,CC1=C2C=C(C=CC2=NC(=C1C(=O)OC)C(=O)OC)N3CCOCC3,Inactive,-11.93,0,c1cnc2ccc(N3CCOCC3)cc2c1
24807817.0,CC1=C(N2C(C(C2=O)NC(=O)CC3=CC=CC=C3)SC1)C(=O)OCC(Cl)(Cl)Cl,Inactive,28.41,0,O=C(Cc1ccccc1)NC1C(=O)N2C=CCSC12
852096.0,COC1=CC(=C(C=C1)OC)C(=O)CSC2=NN=C(O2)C3=CC=CS3,Inactive,-7.87,0,O=C(CSc1nnc(-c2cccs2)o1)c1ccccc1
24802673.0,CC1=CC(=C(C=C1)OCC(=O)NNC(=O)C2CCCO2)C,Inactive,-6.84,0,O=C(COc1ccccc1)NNC(=O)C1CCCO1
22411604.0,CC1=CC=C(C=C1)C(=O)N2C(=NC(=N2)C3=CC=C(C=C3)OC)N,Inactive,8.98,0,O=C(c1ccccc1)n1cnc(-c2ccccc2)n1
7967678.0,C1C(OC2=CC=CC=C2O1)C3=NN4C(=NN=C4S3)COC5=CC=CC=C5,Inactive,6.32,0,c1ccc(OCc2nnc3sc(C4COc5ccccc5O4)nn23)cc1
14745681.0,CN1C=CC=C1C(=O)NC(=O)COC(=O)CC23CC4CC(C2)CC(C4)C3,Inactive,11.02,0,O=C(COC(=O)CC12CC3CC(CC(C3)C1)C2)NC(=O)c1ccc[nH]1
850075.0,CCCN1C(=NN=C1SCC(=O)N2CCCC3=CC=CC=C32)C4=CC=CC=N4,Inactive,-12.28,0,O=C(CSc1nnc(-c2ccccn2)[nH]1)N1CCCc2ccccc21
24804684.0,CCC1=CC=C(C=C1)N(C(C2=CN=CC=C2)C(=O)NC(C)(C)C)C(=O)C3=CSN=N3,Inactive,-2.49,0,O=C(c1csnn1)N(Cc1cccnc1)c1ccccc1
14723664.0,C1=CC2=NC(=C(N2C=C1)NCC3=CC=CO3)C4=CC=C(C=C4)O,Inactive,-7.49,0,c1ccc(-c2nc3ccccn3c2NCc2ccco2)cc1
22413350.0,CC1(CC1(Br)Br)C(=O)N/N=C/C2=CC=C(O2)[N+](=O)[O-],Inactive,7.02,0,O=C(N/N=C/c1ccco1)C1CC1
24792780.0,CCCOC1=CC=C(C=C1)N2C(=O)CC(C2=O)N3CCC(CC3)C4=NC5=CC=CC=C5O4,Inactive,0.91,0,O=C1CC(N2CCC(c3nc4ccccc4o3)CC2)C(=O)N1c1ccccc1
22405297.0,COC1=CC(=CC(=C1)C(=O)NCCCN2CCN(CC2)CCCNC(=O)C3=CC(=CC(=C3)OC)OC)OC,Inactive,-6.5,0,O=C(NCCCN1CCN(CCCNC(=O)c2ccccc2)CC1)c1ccccc1
14743526.0,CN1C2=C(C(=O)NC1=O)N(C(=N2)N3CCOCC3)CCC4=CC=C(C=C4)OC,Inactive,-0.41,0,O=c1[nH]c(=O)c2c(nc(N3CCOCC3)n2CCc2ccccc2)[nH]1
24787835.0,CCN1CC(CC1=O)CN(C)CC2=NC(=NO2)C3=CC=C(C=C3)Cl,Inactive,4.55,0,O=C1CC(CNCc2nc(-c3ccccc3)no2)CN1
4240517.0,CC(C)CCNC(=O)CC1=C(NC2=C1C=C(C=C2)Cl)C(=O)O,Inactive,-14.57,0,c1ccc2[nH]ccc2c1
24811583.0,CC1=NC2=CC=CC=C2C(=C1)C(=O)NC3CC3,Inactive,9.02,0,O=C(NC1CC1)c1ccnc2ccccc12
17411397.0,CC1=C(C(=O)NN1C(=O)C2=CC=C(C=C2)F)CCO,Inactive,42.18,0,O=C(c1ccccc1)n1ccc(=O)[nH]1
7964864.0,CC1CCCC(N1CCCNC(=O)C2=CC3=C(N2C)C4=CC=CC=C4N(C3=O)C)C,Inactive,11.36,0,O=C(NCCCN1CCCCC1)c1cc2c(=O)[nH]c3ccccc3c2[nH]1
17506920.0,CN(C)NS(=O)(=O)C1=CC(=C(C=C1)OC)N(C)S(=O)(=O)C2=CC=C(C=C2)Cl,Inactive,16.1,0,O=S(=O)(Nc1ccccc1)c1ccccc1
22415763.0,COC1=CC(=C(C=C1)NC(=O)C2=C(C=CC(=C2)Br)Cl)OC,Inactive,-7.57,0,O=C(Nc1ccccc1)c1ccccc1
846814.0,COC1=CC=C(C=C1)CCNC(=O)C2=CC=C(C=C2)CN3CCOCC3,Inactive,15.42,0,O=C(NCCc1ccccc1)c1ccc(CN2CCOCC2)cc1
17408528.0,CC[N+]1=C(SC2=CC=CC=C21)/C=C(\C)/SC.COS(=O)(=O)[O-],Inactive,1.92,0,c1ccc2sc[nH+]c2c1
22409447.0,CC(C)CN(C1CCS(=O)(=O)C1)C(=O)COC(=O)C2=CC=C(O2)[N+](=O)[O-],Inactive,-1.91,0,O=C(COC(=O)c1ccco1)NC1CCS(=O)(=O)C1
17432125.0,C1=CC(=CC=C1C(=O)NCCCNC2=C(C=C(C=C2)C(F)(F)F)[N+](=O)[O-])F,Inactive,-12.48,0,O=C(NCCCNc1ccccc1)c1ccccc1
17388301.0,CN(CC1=C(C=C(C=C1)Cl)Cl)CC(=O)NC2=CC=C(C=C2)C#N,Inactive,30.37,0,O=C(CNCc1ccccc1)Nc1ccccc1
24788540.0,CC1=CC(=NC(=N1)NC(=O)CC2=CC=C(C=C2)Br)C,Inactive,-4.51,0,O=C(Cc1ccccc1)Nc1ncccn1
863134.0,COC1=CC=C(C=C1)C2=CC(=NC(=N2)N3CCCCCC3)C(=O)N,Inactive,6.92,0,c1ccc(-c2ccnc(N3CCCCCC3)n2)cc1
17510484.0,CC1=C(C(=O)N(N1C)C2=CC=CC=C2)N=C3N(C(=O)CS3)/N=C\C4=CC=C(C=C4)Br,Inactive,17.72,0,O=C1CSC(=Nc2c[nH]n(-c3ccccc3)c2=O)N1/N=C\c1ccccc1
22412635.0,CC1=NN(C(C1)(C(F)(F)F)O)C(=O)CN2C(=C(C(=N2)[N+](=O)[O-])Br)C,Inactive,1.86,0,O=C(Cn1cccn1)N1CCC=N1
24792177.0,C/C(=N\NC(=O)C1=NC=CN=C1)/CC(=O)NC2=CC=C(C=C2)OC,Inactive,-7.16,0,O=C(C/C=N/NC(=O)c1cnccn1)Nc1ccccc1
4257404.0,CCN1C(=NN=C1SCC(=O)NC2=CC3=C(C=C2)OCCO3)CC4=CC=CC=C4,Inactive,3.83,0,O=C(CSc1nnc(Cc2ccccc2)[nH]1)Nc1ccc2c(c1)OCCO2
24820009.0,C1=CC=C(C=C1)CC(C2=CC=CC=C2)NC3=CC=CC=N3,Inactive,14.58,0,c1ccc(CC(Nc2ccccn2)c2ccccc2)cc1
24796943.0,CCC(=O)NC1CCN(CC1)C(=S)NC,Inactive,-1.31,0,C1CCNCC1
24820164.0,CC1=CC(=NN1C2=NC(=NC3=CC=CC=C32)C(F)(F)F)C,Inactive,6.96,0,c1ccc2c(-n3cccn3)ncnc2c1
24819678.0,C1=CC=C2C(=C1)C(=O)OC(=N2)NC3=CC=CC=C3Cl,Inactive,-4.41,0,O=c1oc(Nc2ccccc2)nc2ccccc12
17514620.0,C1=CC=C(C=C1)C2=C(N3C=CC=NC3=N2)NC(=O)C4=CC5=CC=CC=C5OC4=O,Inactive,13.93,0,O=C(Nc1c(-c2ccccc2)nc2ncccn12)c1cc2ccccc2oc1=O
863520.0,CC1(CC2=NC(=NC=C2C(=O)C1)NC(=O)C3=CC(=CC=C3)OC)C,Inactive,0.57,0,O=C(Nc1ncc2c(n1)CCCC2=O)c1ccccc1
24790744.0,CC(=O)NC1=C(C=CC(=C1)C2=NC3=CC=CC=C3S2)OC,Inactive,2.96,0,c1ccc(-c2nc3ccccc3s2)cc1
3716206.0,C1COCCN1C(=O)COC(=O)C2=CC=CNC2=O,Inactive,2.44,0,O=C(OCC(=O)N1CCOCC1)c1ccc[nH]c1=O
7967283.0,C1CC(C2=CC=CC=C2C1)NC(=O)C3CCN(CC3)C(=O)C4=C(C=CS4)N5C=CC=C5,Inactive,-1.17,0,O=C(NC1CCCc2ccccc21)C1CCN(C(=O)c2sccc2-n2cccc2)CC1
4249966.0,COC1=CC=C(C=C1)S(=O)(=O)N2CCN(CC2)CC(=O)NC3=CC(=CC(=C3)OC)OC,Inactive,31.33,0,O=C(CN1CCN(S(=O)(=O)c2ccccc2)CC1)Nc1ccccc1
849881.0,CN(C)S(=O)(=O)C1=CC=CC(=C1)C(=O)NCC2=CC=CO2,Inactive,23.49,0,O=C(NCc1ccco1)c1ccccc1
865011.0,COC1=CC(=CC(=C1OC)OC)C2NC(=O)C3=CC=CC=C3O2,Inactive,-8.06,0,O=C1NC(c2ccccc2)Oc2ccccc21
4240471.0,CC1=CC=C(C=C1)CN2CCN(C2=O)CC(=O)N3CCC4(CC3)OCCO4,Inactive,7.16,0,O=C(CN1CCN(Cc2ccccc2)C1=O)N1CCC2(CC1)OCCO2
17415808.0,CC1=CC=C(C=C1)S(=O)(=O)NCCSCC2=CC=CC=C2,Inactive,14.46,0,O=S(=O)(NCCSCc1ccccc1)c1ccccc1
24797453.0,COC1=CC=CC(=C1)NC(=O)NC2=CC=NC=C2,Inactive,1.53,0,O=C(Nc1ccccc1)Nc1ccncc1
4258644.0,CC1=C(OC2=CC=CC=C12)C(=O)NC3=NCCS3,Inactive,5.78,0,O=C(NC1=NCCS1)c1cc2ccccc2o1
849245.0,CCCC1=NC2=NC=NN2C(=C1)N3CCCC(C3)C(=O)NC4=C(C=C(C=C4)OC)OC,Inactive,-9.95,0,O=C(Nc1ccccc1)C1CCCN(c2ccnc3ncnn23)C1
24830311.0,C1=CC=C2C(=C1)C=C3C=C(C4=NC5=CC=CC=C5C(=O)N4C3=N2)C#N,Inactive,6.17,0,O=c1c2ccccc2nc2ccc3cc4ccccc4nc3n12
14737775.0,C1CCN(CC1)C(C2=CC=C(C=C2)F)C(=O)NC3=CC4=C(C=C3)OCCO4,Inactive,-1.07,0,O=C(Nc1ccc2c(c1)OCCO2)C(c1ccccc1)N1CCCCC1
14731187.0,CC1=CC(=CC=C1)N2C(=N)C3=C(NN=C3N=C2SCC(=O)N4CCCC4)C,Inactive,-4.95,0,N=c1c2c[nH]nc2nc(SCC(=O)N2CCCC2)n1-c1ccccc1
7965634.0,CC(C)SC1=NN=C(N1C2=CC=CC=C2)CN3C4=CC=CC=C4SC3=O,Inactive,-1.09,0,O=c1sc2ccccc2n1Cc1nncn1-c1ccccc1
843494.0,C1CC(OC1)CNC(=O)CN(C2=CC3=C(C=C2)OCO3)C(=O)CCC(=O)NC4=NC=CS4,Inactive,8.25,0,O=C(CN(C(=O)CCC(=O)Nc1nccs1)c1ccc2c(c1)OCO2)NCC1CCCO1
14744806.0,COC1=CC=C(C=C1)CCSC2=NN=C(N2N)C3CCCCC3,Inactive,-7.31,0,c1ccc(CCSc2nnc(C3CCCCC3)[nH]2)cc1
4263985.0,CC(C(=O)NC1=CC=CC=C1C(=O)OC)OC2=CC=CC=C2,Inactive,-16.93,0,O=C(COc1ccccc1)Nc1ccccc1
14721550.0,C1CCC(C1)(CNC(=O)C(=O)N2CCOCC2)C3=CC=CC=C3,Inactive,-0.13,0,O=C(NCC1(c2ccccc2)CCCC1)C(=O)N1CCOCC1
846274.0,CC(C1=CC=C(C=C1)OC)N2CC34C=CC(O3)C(C4C2=O)C(=O)OC,Inactive,-4.02,0,O=C1C2CC3C=CC2(CN1Cc1ccccc1)O3
24807158.0,COC1=CC(=C(C=C1)OC)/C=N/NC(=O)C(=O)N2CCCC2,Inactive,-3.72,0,O=C(N/N=C/c1ccccc1)C(=O)N1CCCC1
22403409.0,C/C(=N\NC(=O)C1CCCCC1)/CC2=CC=CC=C2,Inactive,8.3,0,O=C(N/N=C/Cc1ccccc1)C1CCCCC1
845885.0,CCC1=NN=C(S1)NC(=O)CSC2=NN=C(O2)CC3=CC=C(C=C3)OC,Inactive,-4.01,0,O=C(CSc1nnc(Cc2ccccc2)o1)Nc1nncs1
24828060.0,CC(C(=O)C1=CC(=C(C=C1)F)F)OC2=CC=C(C=C2)C#N,Inactive,-2.5,0,O=C(COc1ccccc1)c1ccccc1
22411813.0,CC/C(=N/NC1=CC=C(C=C1)Cl)/C2=CN=NC(=N2)SC,Inactive,-0.94,0,C(=N\Nc1ccccc1)\c1cnncn1
7968585.0,CCC1=CC(=CC=C1)OCC(=O)NC2=CC=C(C=C2)S(=O)(=O)NC3=C(C(=NO3)C)C,Inactive,2.2,0,O=C(COc1ccccc1)Nc1ccc(S(=O)(=O)Nc2ccno2)cc1
14725351.0,CCC(C)N1CCN(CC1)C(=O)CC2=CC=CC=C2.C(=O)(C(=O)O)O,Inactive,-2.1,0,O=C(Cc1ccccc1)N1CCNCC1
22415269.0,CC(C)(C1=CC=CC=C1)C2=CC=C(C=C2)OCCNCCOC.C(=O)(C(=O)O)O,Inactive,7.0,0,c1ccc(Cc2ccccc2)cc1
14730937.0,CC1=NC(=NC=C1)N/N=C/C2=CC=CO2,Inactive,-3.63,0,C(=N/Nc1ncccn1)\c1ccco1
4262481.0,C1=CC=C(C=C1)OCC2=NN=C3N2N=C(S3)C4=C(C=CC(=C4)Cl)Cl,Inactive,-1.86,0,c1ccc(OCc2nnc3sc(-c4ccccc4)nn23)cc1
24810495.0,CC1=CC(=CC=C1)NC2=NC(=NS2)CC(=O)C,Inactive,0.0,0,c1ccc(Nc2ncns2)cc1
14735303.0,CCC(CC1=CC=CC=C1)NC(=O)CCN2C=CC=C2,Inactive,7.75,0,O=C(CCn1cccc1)NCCc1ccccc1
14727537.0,CCOC(=O)COC1=C(OC2=CC=CC=C2C1=O)C3=CC=C(C=C3)OC,Inactive,-16.46,0,O=c1cc(-c2ccccc2)oc2ccccc12
843937.0,CC1=CC2=C(C=C1)N3C(=NN=N3)C(=C2)CN(CC4=CC5=C(C=C4)OCO5)C(=O)C6=NC=CN=C6,Inactive,17.26,0,O=C(c1cnccn1)N(Cc1ccc2c(c1)OCO2)Cc1cc2ccccc2n2nnnc12
24815239.0,COC1=CC=CC=C1N2CCN(CC2)C(CNS(=O)(=O)C)C3=CN=CC=C3,Inactive,-8.95,0,c1ccc(N2CCN(Cc3cccnc3)CC2)cc1
3714807.0,COC1=CC=CC=C1C2=NN=C(O2)SCC(=O)NC3=C(C=CC=C3Cl)Cl,Inactive,-0.81,0,O=C(CSc1nnc(-c2ccccc2)o1)Nc1ccccc1
22409509.0,CC(C)(C)NS(=O)(=O)C1=C(C=CC(=C1)C(=O)NC2=C(C=CS2)C#N)Cl,Inactive,5.39,0,O=C(Nc1cccs1)c1ccccc1
7970598.0,C1CCC(CC1)C(=O)NC2=C(OC3=CC=CC=C32)C(=O)N,Inactive,-19.06,0,O=C(Nc1coc2ccccc12)C1CCCCC1
4263264.0,CC1=CC=C(C=C1)S(=O)(=O)N2CCCC2C(=O)NCC3=CC=CO3,Inactive,-23.96,0,O=C(NCc1ccco1)C1CCCN1S(=O)(=O)c1ccccc1
4259807.0,CCOC(=O)C1=CC(=CC(=C1)NC(=O)C2=C(ON=C2C)C)C(=O)OCC,Inactive,-25.07,0,O=C(Nc1ccccc1)c1cnoc1
24806440.0,COC1=CC=C(C=C1)C(=O)NNC(=O)CSC2=NN=C(O2)C3=CN=CC=C3,Inactive,1.79,0,O=C(CSc1nnc(-c2cccnc2)o1)NNC(=O)c1ccccc1
7967407.0,CC1CCC2(CC1)C(=C(C(=O)O2)C)C(=O)NC3CCCCC3C,Inactive,4.93,0,O=C1C=C(C(=O)NC2CCCCC2)C2(CCCCC2)O1
24781517.0,CN1C=C(C=N1)CCNC(=O)CCC2=NN=C(O2)CCCCC3=CC=CC=C3,Inactive,8.27,0,O=C(CCc1nnc(CCCCc2ccccc2)o1)NCCc1cn[nH]c1
4260778.0,CC1=CC(=C(C=C1)C)OCCCN2CCN(CC2)S(=O)(=O)C3=CC=C(C=C3)NC(=O)C,Inactive,-0.46,0,O=S(=O)(c1ccccc1)N1CCN(CCCOc2ccccc2)CC1
24799716.0,C1CN(CCC1N2CCC(=O)NCC2)CC3=NC(=NO3)CC4=CC=CC=C4F,Inactive,16.17,0,O=C1CCN(C2CCN(Cc3nc(Cc4ccccc4)no3)CC2)CCN1
22406254.0,CC1=CC(=C(C=C1)N(CC(=O)NCCC2=CC=C(C=C2)F)S(=O)(=O)C3=CC(=C(C=C3)Cl)[N+](=O)[O-])C,Inactive,17.89,0,O=C(CN(c1ccccc1)S(=O)(=O)c1ccccc1)NCCc1ccccc1
24824021.0,C/C=C(\C)/C(=O)NCCN1[C@@H](CN2C1=NC[C@@H]2C(C)C)CC3=CC=C(C=C3)O,Inactive,7.65,0,c1ccc(C[C@@H]2CN3CCN=C3N2)cc1
851189.0,CC(C)CNS(=O)(=O)C1=CC=C(C=C1)S(=O)(=O)N2CCN(CC2)C(=O)C.C(=O)(C(=O)O)O,Inactive,4.83,0,O=S(=O)(c1ccccc1)N1CCNCC1
17411572.0,CC(C)NC1=NC(=NC(=N1)Cl)NNC(=O)C(C)OC2=CC=CC=C2,Inactive,9.34,0,O=C(COc1ccccc1)NNc1ncncn1
17510616.0,CC(C)C1=CC=C(C=C1)S(=O)(=O)/N=C\2/C=C(C(=O)C3=CC=CC=C32)SC4=NC=NN4,Inactive,47.42,0,O=C1C(Sc2ncn[nH]2)=C/C(=N/S(=O)(=O)c2ccccc2)c2ccccc21
14744357.0,CCOP(=O)(C1=CC=CC=C1)C(=C(Cl)Cl)NC(=O)C2=CC=CC=C2Cl,Inactive,-11.53,0,C=C(NC(=O)c1ccccc1)[PH](=O)c1ccccc1
24792396.0,CS(=O)(=O)N1CCN(CC1)C(=O)C2=CC(=NC3=C2C=C(C=C3)Br)C4=CN=CC=C4,Inactive,3.22,0,O=C(c1cc(-c2cccnc2)nc2ccccc12)N1CCNCC1
14727287.0,CC1=CC2=C(C=C1)N=C(N2)C(C)O,Inactive,1.51,0,c1ccc2[nH]cnc2c1
14727453.0,CCOCCCNC(=O)CCSC1=CC=C(C=C1)C,Inactive,-0.05,0,c1ccccc1
24781295.0,CC1CCN(CC1)CCCNC(=O)C2=CC3=C(S2)C4=CC=CC=C4N=C3Cl,Inactive,16.96,0,O=C(NCCCN1CCCCC1)c1cc2cnc3ccccc3c2s1
14730074.0,COC1=CC=C(C=C1)C2=C(N=C(S2)N)C(=O)OC,Inactive,-19.59,0,c1ccc(-c2cncs2)cc1
4240984.0,CCN(CCCNC(=O)CN1C(=O)COC2=CC=CC=C21)C3=CC=CC(=C3)C,Inactive,-22.03,0,O=C(CN1C(=O)COc2ccccc21)NCCCNc1ccccc1
24792342.0,CN(CC(=O)NNC(=O)C1=CN=CC=C1)S(=O)(=O)C2=C(C=CC(=C2)Cl)Cl,Inactive,-8.43,0,O=C(CNS(=O)(=O)c1ccccc1)NNC(=O)c1cccnc1
7971766.0,COC1=CC=C(C=C1)CNC(=O)C2=CN=C3N(C2=O)CCS3,Inactive,2.48,0,O=C(NCc1ccccc1)c1cnc2n(c1=O)CCS2
24791288.0,CN1CCN(CC1)C(=S)NC2=CC=C(C=C2)OC3=CC=CC=C3,Inactive,5.17,0,S=C(Nc1ccc(Oc2ccccc2)cc1)N1CCNCC1
17414706.0,CC1=CC=C(C=C1)S(=O)(=O)/N=C(\C2=CC=C(C=C2)Cl)/NC3=C(N(N(C3=O)C4=CC=CC=C4)C)C,Inactive,3.59,0,O=c1c(N/C(=N/S(=O)(=O)c2ccccc2)c2ccccc2)c[nH]n1-c1ccccc1
24793884.0,CCC1=C(SC(=C1C(=O)OC)NC(=S)NC(C)C2CCCO2)C,Inactive,9.37,0,S=C(NCC1CCCO1)Nc1cccs1
17431497.0,C1COC2=C(O1)C=CC(=C2)C(=O)CSC3=NC=NC4=C3C(=CS4)C5=CC=C(C=C5)F,Inactive,11.82,0,O=C(CSc1ncnc2scc(-c3ccccc3)c12)c1ccc2c(c1)OCCO2
4243199.0,CC1=CC=C(C=C1)CN2C(CCC2=O)C(=O)NCC3=CC=C(C=C3)F,Inactive,-6.2,0,O=C(NCc1ccccc1)C1CCC(=O)N1Cc1ccccc1
17410983.0,C1=CC(=CC=C1CC2=C(C=CN(C2=O)CC3=C(C=C(C=C3)Cl)Cl)O)F,Inactive,12.03,0,O=c1c(Cc2ccccc2)cccn1Cc1ccccc1
17409677.0,CC1=C(C(=NO1)C2=CC=CC=C2Cl)C(=O)N3CCN=C(C=C3)C(F)(F)F,Inactive,13.87,0,O=C(c1conc1-c1ccccc1)N1C=CC=NCC1
4262286.0,CCN1CCN2C1=NC(=NC2=O)N3CCCCC3,Inactive,-8.45,0,O=c1nc(N2CCCCC2)nc2n1CCN2
14742978.0,COC1=CC=C(C=C1)C2=CC(=NC(=N2)NCC3=CN=CC=C3)C(F)(F)F,Inactive,3.56,0,c1ccc(-c2ccnc(NCc3cccnc3)n2)cc1
17510271.0,CC1=CC=C(C=C1)C2=NC3(CCCCCC3)NC2=S,Inactive,6.05,0,S=C1NC2(CCCCCC2)N=C1c1ccccc1
17402816.0,CC1=CC=CC=C1S(=O)(=O)C2=C(N=C(C=C2C)C)SCC(C)C,Inactive,49.25,0,O=S(=O)(c1ccccc1)c1cccnc1
846782.0,COC1=CC=C(C=C1)OCC2=CC=C(C=C2)C(=O)O,Inactive,-0.77,0,c1ccc(COc2ccccc2)cc1
7966489.0,C1CC(CN(C1)S(=O)(=O)C2=CC=CS2)C(=O)NCCC3=CC=CC=C3,Inactive,9.13,0,O=C(NCCc1ccccc1)C1CCCN(S(=O)(=O)c2cccs2)C1
24801337.0,C/C(=N/NC(=S)N)/C1=CC=C(S1)Br,Inactive,-3.11,0,c1ccsc1
22414954.0,CCCCNC(=O)NCC1=C(N(N=C1)C)C,Inactive,7.95,0,c1cn[nH]c1
24812604.0,COC(=O)C1=C(OC2=C(C1C3=C(C=CC=C3Cl)F)OC(=CC2=O)CO)N,Inactive,-8.54,0,O=c1ccoc2c1OC=CC2c1ccccc1
24782909.0,CC(C)C1=CC=C(C=C1)NC(=O)C(C2=CC=C(C=C2)OC)N(CC3=CC=CO3)C(=O)CC4C(=O)NC(=O)N4,Inactive,3.63,0,O=C1NC(=O)C(CC(=O)N(Cc2ccco2)C(C(=O)Nc2ccccc2)c2ccccc2)N1
17514237.0,CCC1=CC=C(C=C1)/C=C\2/C(=O)C3=C(O2)C=C(C=C3)OS(=O)(=O)C,Inactive,5.34,0,O=C1/C(=C/c2ccccc2)Oc2ccccc21
850978.0,COC1=CC(=C(C=C1)OC)S(=O)(=O)N2CCC3=CC=CC=C32,Inactive,6.62,0,O=S(=O)(c1ccccc1)N1CCc2ccccc21
14720426.0,CC(C)(C)CC(C)(C)C1=CC(=C(C=C1)O)CN2CCN(CC2)CCC#N,Inactive,32.03,0,c1ccc(CN2CCNCC2)cc1
17413352.0,CCOC(=O)C1=C(C=C(S1)NC(=S)NC(=O)CC(C)C)C,Inactive,29.67,0,c1ccsc1
4249738.0,CC1=CC(=NO1)NC(=O)C2=C(N=CO2)C,Inactive,-1.85,0,O=C(Nc1ccon1)c1cnco1
24782051.0,C1CN(C(CN1CC2=CC(=CC=C2)O)CCO)CCC3=CC=CC=C3,Inactive,9.78,0,c1ccc(CCN2CCN(Cc3ccccc3)CC2)cc1
7974142.0,CC1=C(C(=NO1)C2=CC=CC=C2Cl)C(=O)NC3=CC4=C(C=C3)OCO4,Inactive,-5.96,0,O=C(Nc1ccc2c(c1)OCO2)c1conc1-c1ccccc1
3716326.0,C1=CC=C(C=C1)N2C=C(C(=N2)C3=CN=CC=C3)C(=O)OCN4C(=O)C5=CC=CC=C5N=N4,Inactive,7.06,0,O=C(OCn1nnc2ccccc2c1=O)c1cn(-c2ccccc2)nc1-c1cccnc1
24781187.0,CN1C=NN=C1SCC(=O)NC2=NC=C(C=C2)Cl,Inactive,-19.42,0,O=C(CSc1nnc[nH]1)Nc1ccccn1
4255526.0,CC1=C(C=C(C=C1)N(C(C)C(=O)NC2=CC=C(C=C2)S(=O)(=O)N3CCOCC3)S(=O)(=O)C)C,Inactive,-0.14,0,O=C(CNc1ccccc1)Nc1ccc(S(=O)(=O)N2CCOCC2)cc1
14734874.0,CC1=CC=C(C=C1)CC2=CN=C(S2)NC(=O)C3CCCO3,Inactive,24.15,0,O=C(Nc1ncc(Cc2ccccc2)s1)C1CCCO1
17511004.0,CC1=C(C=C(C=C1)N2C=C(C3=CC=CC=C3C2=O)C(=O)NC4=C(C=CC(=C4)[N+](=O)[O-])OC)C,Inactive,0.52,0,O=C(Nc1ccccc1)c1cn(-c2ccccc2)c(=O)c2ccccc12
3712863.0,CN(C)C1=CC2=C(C=C1)P(=S)(OC(=N2)C3=CC=CO3)N4CCOCC4,Inactive,-0.35,0,S=P1(N2CCOCC2)OC(c2ccco2)=Nc2ccccc21
24786665.0,CC1=CC(=CC=C1)N2CCN(CC2)C(=S)C3=CC=CC=C3,Inactive,53.36,0,S=C(c1ccccc1)N1CCN(c2ccccc2)CC1
24817507.0,C1=CC2=C(C=CC(=C2)C(=O)N/N=C/C3=CC=CS3)N=C1,Inactive,7.89,0,O=C(N/N=C/c1cccs1)c1ccc2ncccc2c1
14718789.0,COC1=CC=C(C=C1)/C=N/N2C(=NC3=CC=CC=C3C2=O)C4=CC=CO4,Inactive,-6.89,0,O=c1c2ccccc2nc(-c2ccco2)n1/N=C/c1ccccc1
22407006.0,C1CC(C2=CC=CC=C2C1)NCC(COC3=CC=C(C=C3)C(=O)C4=CC=CC=C4)O,Inactive,33.66,0,O=C(c1ccccc1)c1ccc(OCCCNC2CCCc3ccccc32)cc1
3717396.0,CC1=CC(=C(N1C2=C(N(N(C2=O)C3=CC=CC=C3)C)C)C)C(=O)CSC4=NN=C(S4)C,Inactive,-12.16,0,O=C(CSc1nncs1)c1ccn(-c2c[nH]n(-c3ccccc3)c2=O)c1
843796.0,CCOC(=O)C1=CC=C(C=C1)S(=O)(=O)N2C3=CC=CC=C3N=C2CN4CCCCC4,Inactive,17.61,0,O=S(=O)(c1ccccc1)n1c(CN2CCCCC2)nc2ccccc21
22414353.0,CCC1=NC=CN1S(=O)(=O)C2=C(C=C(C(=C2)OC)Cl)OC,Inactive,11.68,0,O=S(=O)(c1ccccc1)n1ccnc1
24796109.0,CS(=O)(=O)NCCNC1=C(C=CC(=C1)Cl)[N+](=O)[O-],Inactive,-2.5,0,c1ccccc1
24807939.0,CN1C(=NN=C1SCC(=O)NC2=CC=CC=C2OC)COC3=CC=CC=C3OC,Inactive,-14.3,0,O=C(CSc1nnc(COc2ccccc2)[nH]1)Nc1ccccc1
4260042.0,CC1=C(C(=O)N2C(=N1)N=C(N2)NCC3=C(C=CC=C3Cl)F)CC(=O)OC,Inactive,-10.53,0,O=c1ccnc2nc(NCc3ccccc3)[nH]n12
16952482.0,C1=CC=C(C=C1)C2=CC=C(C=C2)C3=NN=C(O3)C4=CC=CC=C4N,Inactive,5.35,0,c1ccc(-c2ccc(-c3nnc(-c4ccccc4)o3)cc2)cc1
14735664.0,C1CC(CCC1CNS(=O)(=O)C2=CC=C(C=C2)Cl)C(=O)NCCN3CCOCC3,Inactive,-5.69,0,O=C(NCCN1CCOCC1)C1CCC(CNS(=O)(=O)c2ccccc2)CC1
24780142.0,C1=CC=C(C=C1)NS(=O)(=O)C2=CC=CC(=C2)N,Inactive,-8.94,0,O=S(=O)(Nc1ccccc1)c1ccccc1
14729371.0,CC1=CC(=C2C=C(C=CC2=N1)OC)SCC(=O)OC,Inactive,-23.89,0,c1ccc2ncccc2c1
24796150.0,C1CCC(CC1)(CC2=CC=C(C=C2)O)NC(=O)CC3=CC=CC=C3,Inactive,20.23,0,O=C(Cc1ccccc1)NC1(Cc2ccccc2)CCCCC1
14718842.0,CCCCNC(=S)NNC(=O)C1=CC=CO1,Inactive,11.66,0,c1ccoc1
853378.0,COC1=CC=C(C=C1)C(=O)CN2N=C(N=N2)C3=CC=CC=C3NC(=O)C4=CC=CO4,Inactive,6.3,0,O=C(Cn1nnc(-c2ccccc2NC(=O)c2ccco2)n1)c1ccccc1
24831534.0,CC(C)(C)NC(=O)NC(=O)COC(=O)CNC(=O)C1=CC(=CC(=C1)Cl)[N+](=O)[O-],Inactive,-3.24,0,c1ccccc1
24813061.0,CC(C)(C)NC(=O)/C(=C\C1=CC=CC=C1F)/NC(=O)C2=CC=C(C=C2)[N+](=O)[O-],Inactive,-1.29,0,O=C(N/C=C/c1ccccc1)c1ccccc1
17431759.0,C1=CC=C(C=C1)CC(=O)NCC(=O)OCC(=O)C2=CC(=C(C=C2)Cl)[N+](=O)[O-],Inactive,1.44,0,O=C(Cc1ccccc1)NCC(=O)OCC(=O)c1ccccc1
24785988.0,C1CSC(N1C(=O)C2=CC=C(C=C2)[N+](=O)[O-])C3=CC=CC=C3Cl,Inactive,0.0,0,O=C(c1ccccc1)N1CCSC1c1ccccc1
14725335.0,COC1=CC2=C(C=C1)O/C(=N\O)/C(=C2)C(=O)NC3=CC=CC=C3OC,Inactive,-4.02,0,N=c1oc2ccccc2cc1C(=O)Nc1ccccc1
22401961.0,CCN(CCNC(=O)C1=CC=C(C=C1)CSC2=NC3=C(N2)C=NC=C3)C4=CC=CC=C4,Inactive,13.18,0,O=C(NCCNc1ccccc1)c1ccc(CSc2nc3ccncc3[nH]2)cc1
851786.0,CC1=CC(=C(C=C1)C)N2CCN(CC2)CC3=NN=NN3C4CCCCC4.Cl,Inactive,29.4,0,c1ccc(N2CCN(Cc3nnnn3C3CCCCC3)CC2)cc1
7967273.0,CC(C)SC1=NN=C(N1C2=CC(=CC=C2)OC)CC3=CC(=O)NC(=O)N3,Inactive,11.32,0,O=c1cc(Cc2nncn2-c2ccccc2)[nH]c(=O)[nH]1
852340.0,CC1=CC2=CC(=C(N=C2C=C1)SCC(=O)NCC3=CC=CO3)C#N,Inactive,8.84,0,O=C(CSc1ccc2ccccc2n1)NCc1ccco1
24786227.0,CCOC(=O)C1(CCN(CC1)C(=O)C2=CC(=NC3=CC=CC=C32)OC)CC4CC4,Inactive,3.2,0,O=C(c1ccnc2ccccc12)N1CCC(CC2CC2)CC1
14736699.0,CC1=CC(=CC(=C1)OCC(=O)NC2=CC=CC=C2N3CCCCC3)C,Inactive,15.19,0,O=C(COc1ccccc1)Nc1ccccc1N1CCCCC1
14746324.0,CS(=O)(=O)NC1=CC=CC=C1C(=O)NC2=CC(=CC(=C2)Cl)Cl,Inactive,-6.01,0,O=C(Nc1ccccc1)c1ccccc1
17433479.0,CC1=C(C(=CC=C1)C(C)C)NC(=O)C2=CC=C(C=C2)CN(C3=CC=CC=C3)S(=O)(=O)C4=CC=CC=C4,Inactive,0.55,0,O=C(Nc1ccccc1)c1ccc(CN(c2ccccc2)S(=O)(=O)c2ccccc2)cc1
24825958.0,C1CC1NC(=O)COC(=O)C2=C(C=C(C=C2)F)F,Inactive,-6.69,0,O=C(COC(=O)c1ccccc1)NC1CC1
858404.0,COC1=CC=CC=C1C(CC(=O)NC2=NC=CS2)C3=CC=CO3,Inactive,15.44,0,O=C(CC(c1ccccc1)c1ccco1)Nc1nccs1
4249600.0,C1CCC(CC1)N2CC(CC2=O)C(=O)NC3CC3,Inactive,30.29,0,O=C(NC1CC1)C1CC(=O)N(C2CCCCC2)C1
858710.0,COC1=CC=CC=C1C(=O)N2CCN(CC2)CC3=CC4=C(C=C3)OCO4,Inactive,-26.41,0,O=C(c1ccccc1)N1CCN(Cc2ccc3c(c2)OCO3)CC1
22401896.0,CC\1=CCC(C/C1=N\NC(=O)C2=C(OC=C2)C)C(=C)C,Inactive,6.52,0,O=C(N/N=C1/C=CCCC1)c1ccoc1
14721334.0,COC1=CC=C(C=C1)N2C(=NN=C2SCC#N)COC3=CC=CC4=CC=CC=C43,Inactive,48.48,0,c1ccc(-n2cnnc2COc2cccc3ccccc23)cc1
17432685.0,CN1C=CC=C1/C=N/NC(=O)C2=C(C3=C(S2)C=C(C=C3)Cl)Cl,Inactive,1.09,0,O=C(N/N=C/c1ccc[nH]1)c1cc2ccccc2s1
17409562.0,CCOC(=O)CSC1=NC=C(C=N1)C2=CC(=CC=C2)Cl,Inactive,6.18,0,c1ccc(-c2cncnc2)cc1
24829095.0,CCCCNC(=O)NC1=C(C=C(C=C1C)SC#N)C,Inactive,-13.47,0,c1ccccc1
17516652.0,CN(C)C1=CC=C(C=C1)C(=O)/C=C/C2=CC=C(C=C2)Br,Inactive,-22.73,0,O=C(/C=C/c1ccccc1)c1ccccc1
24810842.0,C1COCCN1CC#CC23CC4CC(C2)CC(C4)C3,Inactive,-8.38,0,C(#CC12CC3CC(CC(C3)C1)C2)CN1CCOCC1
24805232.0,CC(=O)OC1=CC=CC(=C1)C2=NC3=CC=CC=C3C(=O)O2,Inactive,0.71,0,O=c1oc(-c2ccccc2)nc2ccccc12
24783718.0,CC(CC(C(=O)NNC1=CC=CC=C1)C(=O)NNC2=CC=CC=C2)O,Inactive,53.13,0,O=C(CC(=O)NNc1ccccc1)NNc1ccccc1
22416809.0,COC(=O)N/N=C\C1=C(C=CC(=C1)Br)OCC2=CC=CC=C2,Inactive,8.09,0,c1ccc(COc2ccccc2)cc1
24820614.0,CC1=CC(=C(C(=C1)C)S(=O)(=O)NC2=NC(=NC=C2)C3=CN=CC=C3)C,Inactive,-3.83,0,O=S(=O)(Nc1ccnc(-c2cccnc2)n1)c1ccccc1
17510660.0,CCCCC(CCC(=O)NNC(=O)CC1=CC=CC=C1)C(=O)O,Inactive,17.05,0,c1ccccc1
7975734.0,COC1=CC=CC(=C1OC)/C=C\2/C(=O)SC(=N2)SC,Inactive,9.42,0,O=C1SC=N/C1=C\c1ccccc1
24828439.0,CN1C(=C(C(=O)N(C1=O)C)[N+](=O)[O-])/C=C/N(CC2=CC=CC=C2)C3=CC=CC=C3,Inactive,21.3,0,O=c1cc(/C=C/N(Cc2ccccc2)c2ccccc2)[nH]c(=O)[nH]1
7975178.0,COC1=CC(=C(C=C1)OC)N2C(=O)C(C(=O)NC2=O)(CCC3=CC=NC=C3)CCC4=CC=NC=C4,Inactive,-5.32,0,O=C1NC(=O)C(CCc2ccncc2)(CCc2ccncc2)C(=O)N1c1ccccc1
24792627.0,C1CCC2(C1)N=C(NC3=NC4=CC=CC=C4N23)N,Inactive,12.49,0,C1=NC2(CCCC2)n2c(nc3ccccc32)N1
26719651.0,C1CC[C@H]([C@@H](C1)N2CCC(CC2)C3=CC=CC=C3)O.Cl,Inactive,3.16,0,c1ccc(C2CCN(C3CCCCC3)CC2)cc1
852494.0,C1=CC=C2C=C(C=CC2=C1)OCC3=NN=C(O3)SCC#N,Inactive,-63.82,0,c1ccc2cc(OCc3nnco3)ccc2c1
17387094.0,CC1=CC(=NC(=C1C#N)SCC2=NC3=CC=CC=C3N2)C,Inactive,21.88,0,c1ccc(SCc2nc3ccccc3[nH]2)nc1
14722516.0,C1COCCN1S(=O)(=O)C2=CC=CC(=C2)S(=O)(=O)NCC3=CC=CC=C3,Inactive,0.27,0,O=S(=O)(NCc1ccccc1)c1cccc(S(=O)(=O)N2CCOCC2)c1
14726768.0,CCCC1=NN=C(N1CC2CCCO2)SCC(=O)N3C(CCCC3C)C,Inactive,-11.87,0,O=C(CSc1nncn1CC1CCCO1)N1CCCCC1
7976038.0,CN(C)CCN1C(/C(=C(\C2=CC=C(C=C2)F)/O)/C(=O)C1=O)C3=CC(=CC=C3)OC,Inactive,-1.42,0,O=C1NC(c2ccccc2)/C(=C\c2ccccc2)C1=O
24800225.0,CC(C)(CNC(=O)CCC1=NN=C(O1)C2(CCC2)C3=CC=C(C=C3)Cl)CO,Inactive,-5.91,0,c1ccc(C2(c3nnco3)CCC2)cc1
857542.0,COCCNCC(=O)C12CC3CC(C1)CC(C3)C2.Cl,Inactive,-41.15,0,C1C2CC3CC1CC(C2)C3
22411360.0,COC1=C(C=CC(=C1)S(=O)(=O)N2CCOCC2)NC(=O)CN3C4=CC=CC5=C4C(=CC=C5)S3(=O)=O,Inactive,-2.24,0,O=C(CN1c2cccc3cccc(c23)S1(=O)=O)Nc1ccc(S(=O)(=O)N2CCOCC2)cc1
22415405.0,COC1=CC=C(C=C1)/C(=N/OC(=O)CC2=CC=CS2)/N,Inactive,1.41,0,O=C(Cc1cccs1)O/N=C/c1ccccc1
24807462.0,CC(C)N1C2=CC=CC=C2C(C1=O)(C3COC(CC3=O)(C)C)O,Inactive,-23.81,0,O=C1CCOCC1C1C(=O)Nc2ccccc21
22417031.0,CC1=C2C(=C3C(CC(CC3=N1)(C)C)O)C4=CC=CC=C4N2,Inactive,-4.4,0,c1ccc2c(c1)[nH]c1cnc3c(c12)CCCC3
24783275.0,CN1C2=C(C=C1C(=O)N(CC3CCCO3)CC4=C(C=C(C=C4)OC)OC)SC=C2,Inactive,13.39,0,O=C(c1cc2sccc2[nH]1)N(Cc1ccccc1)CC1CCCO1
17416287.0,CN1C2=C(C(=O)N(C1=O)C)C(N=C(N2)C3=CC=C(C=C3)Cl)(C(F)(F)F)C(F)(F)F,Inactive,26.37,0,O=c1[nH]c2c(c(=O)[nH]1)CN=C(c1ccccc1)N2
24836960.0,C1CCN(C1)C(=O)C2=CC=C(C=C2)S(=O)(=O)NCC3=CC=CO3,Inactive,-6.3,0,O=C(c1ccc(S(=O)(=O)NCc2ccco2)cc1)N1CCCC1
4261845.0,CCC(C(=O)NC1=NC2=CC=CC=C2N1)OC3=CC=CC=C3,Inactive,-7.64,0,O=C(COc1ccccc1)Nc1nc2ccccc2[nH]1
22413524.0,CCN(CC)C(=O)OC1=CC(=O)N2CCCC3=C2C1=CC=C3,Inactive,-13.15,0,O=c1ccc2cccc3c2n1CCC3
17413592.0,CCCCC(=O)NC1=CC=C(C=C1)C(=O)NNC(=O)CCC2=CC=CC=C2,Inactive,23.66,0,O=C(CCc1ccccc1)NNC(=O)c1ccccc1
17414877.0,CSC1=CC=C(C=C1)S(=O)(=O)NC2=CC=C3CCC4=C3C2=CC=C4,Inactive,2.8,0,O=S(=O)(Nc1ccc2c3c(cccc13)CC2)c1ccccc1
24831766.0,CC1=NN(C(=C1)NC(=O)C2=CC=C(C=C2)F)C3=CC=CC=N3,Inactive,-4.26,0,O=C(Nc1ccnn1-c1ccccn1)c1ccccc1
22408486.0,CCC(C)C(C(=O)NC1=CC(=C(C=C1)C)Cl)NC(=O)N,Inactive,-11.61,0,c1ccccc1
17386597.0,C1=CC=C(C=C1)NC(=O)NNC2=CC=CC=C2[N+](=O)[O-],Inactive,-10.81,0,O=C(NNc1ccccc1)Nc1ccccc1
17385740.0,C1CN(CCN1C2=CC=C(C=C2)Cl)C(=O)C3=CC=CC=C3NC(=O)/C=C\C(=O)O,Inactive,-6.26,0,O=C(c1ccccc1)N1CCN(c2ccccc2)CC1
17411865.0,CCCC(=O)NC(=S)NC1=CC=CC(=C1)C(=O)C,Inactive,19.38,0,c1ccccc1
7973670.0,CCOC(=O)N1CCN(CC1)C(=O)COC2=CC=CC=C2OC,Inactive,-5.36,0,O=C(COc1ccccc1)N1CCNCC1
14741120.0,C1=CC=C2C(=C1)NC(=N2)CCNC(=O)CNC(=O)C3=CC=C(C=C3)Br,Inactive,16.26,0,O=C(CNC(=O)c1ccccc1)NCCc1nc2ccccc2[nH]1
17414106.0,C1CC(OC1)CNC2=C(C=CC(=C2)N3CCN(CC3)S(=O)(=O)C4=CC=C(C=C4)Cl)[N+](=O)[O-],Inactive,-3.37,0,O=S(=O)(c1ccccc1)N1CCN(c2cccc(NCC3CCCO3)c2)CC1
17511755.0,C1=CC=C2C(=C1)C=CC=C2C(=O)/C=C/NC3=C(C=C(C=C3)[N+](=O)[O-])Br,Inactive,22.34,0,O=C(/C=C/Nc1ccccc1)c1cccc2ccccc12
24793491.0,C1=CC(=C(C=C1NC(=O)CCN2C=NN=N2)Cl)Cl,Inactive,-6.89,0,O=C(CCn1cnnn1)Nc1ccccc1
4260867.0,C1CN(CCN1CC2=C(C=CC=C2F)F)C3=CC=CC=C3F,Inactive,-2.57,0,c1ccc(CN2CCN(c3ccccc3)CC2)cc1
3712211.0,CCOC(=O)C1CCN(CC1)C2=NC=NC3=C2OC4=CC=CC=C43,Inactive,-6.11,0,c1ccc2c(c1)oc1c(N3CCCCC3)ncnc12
22406946.0,CC1=CC=CC=C1NC(=O)CC2=NC(=CS2)C3=CC4=CC=CC=C4C=C3,Inactive,16.53,0,O=C(Cc1nc(-c2ccc3ccccc3c2)cs1)Nc1ccccc1
24795246.0,COC1=CC=CC(=C1OCC2=CC=CC=C2)CNC34CC5CC(C3)CC(C5)C4.Cl,Inactive,34.43,0,c1ccc(COc2ccccc2CNC23CC4CC(CC(C4)C2)C3)cc1
4246441.0,C1=CC=C(C(=C1)CNC(=O)CCNC(=O)C2=CC=C(O2)Br)Cl,Inactive,-13.61,0,O=C(CCNC(=O)c1ccco1)NCc1ccccc1
4245705.0,COC(=O)C1=CC=CC(=C1)CSC2=NN=C(N2C3=CC=CC=C3)C4=CC=CO4,Inactive,13.96,0,c1ccc(CSc2nnc(-c3ccco3)n2-c2ccccc2)cc1
24796686.0,C1=CC=C(C=C1)NC(=O)NC(CC2=CC=C(C=C2)O)C(=O)O,Inactive,-11.65,0,O=C(NCCc1ccccc1)Nc1ccccc1
864346.0,CC1CC2=C(O1)C=CC(=C2)/C(=C/3\C(N(C(=O)C3=O)CCCN4C=CN=C4)C5=CC=CO5)/O,Inactive,7.8,0,O=C1C(=O)N(CCCn2ccnc2)C(c2ccco2)/C1=C\c1ccc2c(c1)CCO2
17515798.0,CC1(CCCC(N1CC(COCCOC2=CC=C(C=C2)Br)O)(C)C)C.Cl,Inactive,6.74,0,c1ccc(OCCOCCCN2CCCCC2)cc1
24835302.0,CN(CC1=CC(=CC=C1)Cl)CC(=O)NCCC2=CC=C(C=C2)F,Inactive,36.44,0,O=C(CNCc1ccccc1)NCCc1ccccc1
22402529.0,COC1=C(C=C(C=C1)CNC(=O)/C=C/C2=CC=C(C=C2)S(=O)(=O)NCC3=CC=CO3)OC,Inactive,-11.6,0,O=C(/C=C/c1ccc(S(=O)(=O)NCc2ccco2)cc1)NCc1ccccc1
24794235.0,COC1=CC=C(C=C1)CCNC(=O)C2=CC=CC=C2SC,Inactive,-33.48,0,O=C(NCCc1ccccc1)c1ccccc1
17409274.0,CC(=O)OC1COC(C(C1OC(=O)C)OC(=O)C)N2CCC3=C2C=CC(=C3)[N+](=O)[O-],Inactive,-10.35,0,c1ccc2c(c1)CCN2C1CCCCO1
847524.0,C1COCCN1S(=O)(=O)C2=CC(=C(C=C2)Cl)C(=O)NC3=CC=CC=C3O,Inactive,13.82,0,O=C(Nc1ccccc1)c1cccc(S(=O)(=O)N2CCOCC2)c1
3713483.0,C1CC(C2=CC=CC=C2C1)NC(=O)COC3=CC=C(C=C3)C4=NN=CO4,Inactive,-2.89,0,O=C(COc1ccc(-c2nnco2)cc1)NC1CCCc2ccccc21
17407635.0,COC1=CC=C(C=C1)C(C(=O)NC2CCCCC2)N(CC3=CC=CS3)C(=O)CC4=CNC5=CC=CC=C54,Inactive,27.32,0,O=C(NC1CCCCC1)C(c1ccccc1)N(Cc1cccs1)C(=O)Cc1c[nH]c2ccccc12
24793489.0,CCOC(=O)CN1C(=C(C(=N1)C)NC(=O)CCC2=CC=C(C=C2)OC)C,Inactive,-16.49,0,O=C(CCc1ccccc1)Nc1cn[nH]c1
843855.0,CC1(CC2=CC=CC=C2C3=NN=C(N31)SCC4=CC=C(C=C4)C#N)C,Inactive,4.62,0,c1ccc(CSc2nnc3n2CCc2ccccc2-3)cc1
7974368.0,COC1=CC(=C(C=C1)OC)N(CC(=O)O)S(=O)(=O)C2=CC(=C(C=C2)OC)OC,Inactive,-6.27,0,O=S(=O)(Nc1ccccc1)c1ccccc1
858208.0,C1=CC=C2C(=C1)C(=O)N(C2=O)CCCC(=O)NC3=NN=CS3,Inactive,5.88,0,O=C(CCCN1C(=O)c2ccccc2C1=O)Nc1nncs1
24804796.0,CCOC(=O)C1CCN(CC1)C(=O)C2(CCCCC2)NC(=O)NC3CCCCC3,Inactive,-9.05,0,O=C(NC1CCCCC1)NC1(C(=O)N2CCCCC2)CCCCC1
4244569.0,CC1=CC(=CC=C1)C2=NN3C(C(=C(NC3=N2)C)C(=O)N)C4=CN=CC=C4,Inactive,-13.63,0,C1=CC(c2cccnc2)n2nc(-c3ccccc3)nc2N1
24834907.0,C1COCCN1S(=O)(=O)C2=CC(=C(C=C2)OCC(CNC34CC5CC(C3)CC(C5)C4)O)Cl,Inactive,-4.86,0,O=S(=O)(c1ccc(OCCCNC23CC4CC(CC(C4)C2)C3)cc1)N1CCOCC1
846971.0,C1CCCN(CC1)CCC(=O)NC2=CC(=CC=C2)Cl.Cl,Inactive,18.36,0,O=C(CCN1CCCCCC1)Nc1ccccc1
24817734.0,CCC1=CC=C(C=C1)C2=NC(=C(C(=O)N2)CCO)C,Inactive,3.47,0,O=c1ccnc(-c2ccccc2)[nH]1
24822059.0,COC1=CN=C(N=C1OC)C2=CC(=CC=C2)C(F)(F)F,Inactive,-24.34,0,c1ccc(-c2ncccn2)cc1
24796189.0,COC1=C(C=CC(=C1)CNCCC2=CC=CC=C2F)OCC(=O)N3CCCCC3.Cl,Inactive,-0.19,0,O=C(COc1ccc(CNCCc2ccccc2)cc1)N1CCCCC1
22405340.0,C1=CC(=CC(=C1)Cl)/C=N/NC(=O)CN2C=C(C=CC2=O)C(F)(F)F,Inactive,15.2,0,O=C(Cn1ccccc1=O)N/N=C/c1ccccc1
24815450.0,C1=CC(=CC(=C1)F)C(=O)NC2=CN(N=C2)CCCC(=O)O,Inactive,-5.12,0,O=C(Nc1cn[nH]c1)c1ccccc1
24810848.0,CC1=C(C=C(C=C1)C(=O)N/C(=C\C2=CC=CS2)/C(=O)NCCC3=CC=CC=N3)C,Inactive,-11.37,0,O=C(NCCc1ccccn1)/C(=C/c1cccs1)NC(=O)c1ccccc1
14725273.0,C1CN(CCN1C(=O)C2=CC=CO2)C(=O)N,Inactive,-1.47,0,O=C(c1ccco1)N1CCNCC1
22409242.0,CC1=CC=CC=C1NC(=S)NC2CCN(CC2)CC3=CC=CC=C3,Inactive,8.22,0,S=C(Nc1ccccc1)NC1CCN(Cc2ccccc2)CC1
24789804.0,CCN1C(=O)C2=CC=CC=C2C(=N1)CC(=O)O,Inactive,7.07,0,O=c1[nH]ncc2ccccc12
17511735.0,C1CCC2=C(C1)C(=C(C(=N2)N)C#N)C3=CC=CS3,Inactive,-17.32,0,c1csc(-c2ccnc3c2CCCC3)c1
24785526.0,C1CCC(C1)NC(=S)NCC2CCCO2,Inactive,-4.07,0,S=C(NCC1CCCO1)NC1CCCC1
842946.0,CC1=C(C2=NC3=CC=CC=C3N2C(=C1)NCCCCO)C#N,Inactive,24.0,0,c1ccc2c(c1)nc1ccccn12
17407372.0,C1CC(OC1)CNC(=O)C2=C(C(=NO2)CSC3=CC=CC=C3)C(=O)O,Inactive,15.42,0,O=C(NCC1CCCO1)c1cc(CSc2ccccc2)no1
858558.0,CC1=CC=C(C=C1)N2C(=O)C3=C(C2=O)SC4=NN=C(C(=O)N34)C,Inactive,-0.13,0,O=C1c2sc3nncc(=O)n3c2C(=O)N1c1ccccc1
22412251.0,CC1=NN(C=C1CNC(=O)C2(CC2(Cl)Cl)C)C,Inactive,19.88,0,O=C(NCc1cn[nH]c1)C1CC1
24819508.0,COC(=O)C1=NC=CC(=C1)SC2=C(C=CC=C2Cl)Cl,Inactive,22.07,0,c1ccc(Sc2ccncc2)cc1
4242894.0,CC1=NC2=NC=NN2C(=C1)N3CCN(CC3)C4=CC=CC(=C4)C(F)(F)F,Inactive,3.54,0,c1ccc(N2CCN(c3ccnc4ncnn34)CC2)cc1
3711703.0,CCC1CCCCN1CC(=O)NC2=CC(=NN2C3=NC(=CC(=N3)C)C)C,Inactive,0.58,0,O=C(CN1CCCCC1)Nc1ccnn1-c1ncccn1
7966010.0,CC1=NC2=NC(=NN2C(=C1)NC3=C(C=C(C=C3)F)F)C,Inactive,9.32,0,c1ccc(Nc2ccnc3ncnn23)cc1
4257147.0,CC1=CC(=NO1)C(=O)NC2CCCC3=CC=CC=C23,Inactive,6.99,0,O=C(NC1CCCc2ccccc21)c1ccon1
17386055.0,CC(CC1=CC=CC=C1SC2=CC=C(C=C2)O)NC.Cl,Inactive,-12.48,0,c1ccc(Sc2ccccc2)cc1
24787236.0,CN1C=C(C=CC1=O)C(=O)N/N=C/C2=CC(=C(C=C2)OC)OC,Inactive,5.16,0,O=C(N/N=C/c1ccccc1)c1ccc(=O)[nH]c1
24782844.0,COC1=CC=C(C=C1)/C=C/C(=O)C2=CC3=C(C=C2N)OCO3,Inactive,27.51,0,O=C(/C=C/c1ccccc1)c1ccc2c(c1)OCO2
864370.0,CCN(CC)C1=CC=C(C=C1)C2=NN3C(=NN=C3S2)C4=NNC5=C4CCC5,Inactive,23.58,0,c1ccc(-c2nn3c(-c4n[nH]c5c4CCC5)nnc3s2)cc1
24779166.0,C1=CC=C(C=C1)C(=O)CN2C=NC3=C(C2=O)N=NN3CC4=CC=C(C=C4)Cl,Inactive,-10.42,0,O=C(Cn1cnc2c(nnn2Cc2ccccc2)c1=O)c1ccccc1
17506843.0,C1=CC=C(C=C1)SCC(=O)O/N=C(/C2=CC=C(C=C2)[N+](=O)[O-])\N,Inactive,45.02,0,O=C(CSc1ccccc1)O/N=C/c1ccccc1
22408919.0,CN(C(C1=CC=CC=C1)C2=CC=CC=C2)C(=O)C3=CC4=C(C=C3)N5CCS(=O)(=O)N=C5S4,Inactive,-8.88,0,O=C(NC(c1ccccc1)c1ccccc1)c1ccc2c(c1)SC1=NS(=O)(=O)CCN12
858570.0,CC1=CC=C(C=C1)C2CC(N3C(=C(C=N3)C(=O)N)N2)C(F)(F)F,Inactive,-20.45,0,c1ccc(C2CCn3nccc3N2)cc1
24803069.0,CC1=C(C=C(C=C1)N)S(=O)(=O)N(C)C,Inactive,8.3,0,c1ccccc1
862215.0,C1COCCN1S(=O)(=O)C2=CC=CC(=C2)C3=CN4C=CC=NC4=N3,Inactive,-11.07,0,O=S(=O)(c1cccc(-c2cn3cccnc3n2)c1)N1CCOCC1
4264324.0,C1CN(CCN1C2=CC=CC=N2)C3=NN=C(S3)C(F)(F)F,Inactive,8.57,0,c1ccc(N2CCN(c3nncs3)CC2)nc1
24800001.0,CC1=CC=C(C=C1)N2C=C(C(=N2)C3=CC=CC(=C3)C)CN(C)CCC4=CNN=C4,Inactive,22.65,0,c1ccc(-c2nn(-c3ccccc3)cc2CNCCc2cn[nH]c2)cc1
24807111.0,CC1=CC=C(C=C1)C(=O)NCCNC2=NC3=C(C=C(C(=C3)C)C)C=C2C,Inactive,15.5,0,O=C(NCCNc1ccc2ccccc2n1)c1ccccc1
3713819.0,C1=CC=C(C=C1)OCC(CN2C3=CC=CC=C3N=C2CO)O,Inactive,-0.5,0,c1ccc(OCCCn2cnc3ccccc32)cc1
3717764.0,CCOC(=O)C1=C(NC(=C1C(=O)COC(=O)C2CCCN2S(=O)(=O)C3=CC=CC=C3F)C)C,Inactive,-7.05,0,O=C(COC(=O)C1CCCN1S(=O)(=O)c1ccccc1)c1cc[nH]c1
17401540.0,CC1CN(CC(O1)C)CC(=O)NC2=C(NC3=CC=CC=C32)C(=O)OC,Inactive,44.01,0,O=C(CN1CCOCC1)Nc1c[nH]c2ccccc12
17513170.0,CC1=NC(=CC=C1)/C=N/NC(=O)CN2C(=CC=N2)C,Inactive,-5.97,0,O=C(Cn1cccn1)N/N=C/c1ccccn1
14744757.0,CC(C(=O)NC1=CC2=C(C=C1)OCO2)SC3=NC=NC4=CC=CC=C43,Inactive,38.45,0,O=C(CSc1ncnc2ccccc12)Nc1ccc2c(c1)OCO2
17509245.0,CN(C)N1C2=C(C(C(=C1N)C#N)C3=CN=CC=C3)C(=O)CCC2,Inactive,-4.71,0,O=C1CCCC2=C1C(c1cccnc1)C=CN2
24809080.0,COC1=CC=C(C=C1)C(=O)N2C(CC(=N2)C3=CC=CC=C3)(C(F)(F)F)O,Inactive,7.43,0,O=C(c1ccccc1)N1CCC(c2ccccc2)=N1
24791574.0,C1=COC(=C1)/C=C/2\C(=O)NC(=O)N(C2=O)CCC3=CC=C(C=C3)F,Inactive,7.25,0,O=C1NC(=O)N(CCc2ccccc2)C(=O)/C1=C/c1ccco1
4243678.0,CN(C(=O)C1=CC2=C(C=C1)OCO2)C3(CCCCC3)C(=O)NC4CCCC4,Inactive,2.69,0,O=C(NC1(C(=O)NC2CCCC2)CCCCC1)c1ccc2c(c1)OCO2
7975509.0,C1=COC(=C1)CNC(=O)NC2=CC=C(C=C2)Br,Inactive,-5.12,0,O=C(NCc1ccco1)Nc1ccccc1
17510252.0,C1=CC=C(C(=C1)CN2C(=O)/C(=C\C3=CC=CN3C4=CC=C(C=C4)F)/NC2=O)F,Inactive,-4.25,0,O=C1N/C(=C/c2cccn2-c2ccccc2)C(=O)N1Cc1ccccc1
17510509.0,CCC1=CC=C(C=C1)C(=O)COC(=O)C(CCSC)NC(=O)C23CC4CC(C2)CC(C4)C3,Inactive,-3.78,0,O=C(CNC(=O)C12CC3CC(CC(C3)C1)C2)OCC(=O)c1ccccc1
24783237.0,CC1=C(C=C(C=C1)C(=O)O)C2=CC=C(O2)/C=C\3/C(=O)N(C(=O)S3)CC(=O)NC4=CC=CC=C4C,Inactive,6.69,0,O=C(CN1C(=O)S/C(=C\c2ccc(-c3ccccc3)o2)C1=O)Nc1ccccc1
4261676.0,COC1=CC=C(C=C1)CC(=O)N2CCN(CC2)C(=O)C3=CC=CO3,Inactive,-12.43,0,O=C(Cc1ccccc1)N1CCN(C(=O)c2ccco2)CC1
3712264.0,CCN1C(=C2C=C(N(C(=C2)C)CC3=CC=CO3)C)C(=O)SC1=S,Inactive,13.23,0,O=C1SC(=S)NC1=C1C=CN(Cc2ccco2)C=C1
17388605.0,CC(C)NC(=O)N1CCN(CC1)C2=C(C=NC=C2)S(=O)(=O)N3CCOCC3,Inactive,-38.2,0,O=S(=O)(c1cnccc1N1CCNCC1)N1CCOCC1
24816270.0,CCOC1=CC(=CC(=C1OCC)OCC)C(=O)NCC(=O)N/N=C/C2=C(C=CS2)C,Inactive,-4.6,0,O=C(CNC(=O)c1ccccc1)N/N=C/c1cccs1
17409242.0,CCC1=CC2=C(C=C1)N3C(=NN=N3)C(=C2)CN(C4CC4)C(=S)NC5=CC=CC=C5Cl,Inactive,-2.86,0,S=C(Nc1ccccc1)N(Cc1cc2ccccc2n2nnnc12)C1CC1
844956.0,C1CCC(C1)N2CCN(CC2)C(C3=CC=C(C=C3)F)C4=NN=NN4CC5=CC=CS5.Cl,Inactive,-17.26,0,c1ccc(C(c2nnnn2Cc2cccs2)N2CCN(C3CCCC3)CC2)cc1
3711561.0,CC(=O)NC(=S)C1=C(N(C(=O)N(C1=O)C)CC2=CC=CC=C2)N,Inactive,-0.57,0,O=c1ccn(Cc2ccccc2)c(=O)[nH]1
14746587.0,CC1=C(NC(=C1C(=O)OC)C)C(=O)CSC2=CC=C(C=C2)Cl,Inactive,-16.34,0,O=C(CSc1ccccc1)c1ccc[nH]1
846596.0,CC1=C2C(=CC=C1)C=C(C(=O)N2)CN(CC3=CC=C(C=C3)F)CC4=NN=NN4C5CCCC5,Inactive,0.63,0,O=c1[nH]c2ccccc2cc1CN(Cc1ccccc1)Cc1nnnn1C1CCCC1
24825271.0,CCO[C@@H]1[C@H]([C@@H](C=C(O1)C(=O)O)C2CC2)CCCO,Inactive,7.3,0,C1=C[C@@H](C2CC2)CCO1
17410701.0,CC(C)NC(=O)C1=CC=CC=C1S(=O)(=O)C2=CC=CC=C2C#N,Inactive,4.16,0,O=S(=O)(c1ccccc1)c1ccccc1
14720479.0,CC1=CC=C(C=C1)S(=O)(=O)N=NC2=C(NC3=CC=CC=C32)O,Inactive,-20.06,0,O=S(=O)(N=Nc1c[nH]c2ccccc12)c1ccccc1
4265519.0,CC1=C(C(=C(N1C2=NC(=C(S2)C)C3=CC=CS3)C)C(=O)C)C(=O)C,Inactive,7.9,0,c1csc(-c2csc(-n3cccc3)n2)c1
4254654.0,CC1=C(C=C(C=C1)C(=O)OC)NC(=O)CN2C(=O)C3=CC=CC=C3S2(=O)=O,Inactive,2.97,0,O=C(CN1C(=O)c2ccccc2S1(=O)=O)Nc1ccccc1
22403278.0,C1=CC=C2C(=C1)C(=O)N(C2=O)NC(=O)CC3=CC=C(C=C3)Cl,Inactive,6.12,0,O=C(Cc1ccccc1)NN1C(=O)c2ccccc2C1=O
7977575.0,CC1=CC(=NO1)N2C(=O)C3C(C2=O)C4C5=CC=CC=C5C3C6=CC=CC=C46,Inactive,16.99,0,O=C1C2C3c4ccccc4C(c4ccccc43)C2C(=O)N1c1ccon1
24810466.0,CCC1=NC(N(C1(C)C)O)C2=CC=C(C=C2)Br,Inactive,-5.54,0,C1=NC(c2ccccc2)NC1
17407550.0,C1=CC=C2C(=C1)NC(=N2)C3=CC=C(C=C3)NC(=O)CC4=CC=CS4,Inactive,2.69,0,O=C(Cc1cccs1)Nc1ccc(-c2nc3ccccc3[nH]2)cc1
14727855.0,CC1=CC(=NN1C2=NN=C(N2N(S(=O)(=O)C3=CC=C(C=C3)OC)S(=O)(=O)C4=CC=C(C=C4)OC)C)C,Inactive,2.26,0,O=S(=O)(c1ccccc1)N(n1cnnc1-n1cccn1)S(=O)(=O)c1ccccc1
22411342.0,COC1=C(C=C(C=C1)NC(=O)CN2CCC(CC2)CC3=CC=CC=C3)S(=O)(=O)N4CCOCC4,Inactive,-18.57,0,O=C(CN1CCC(Cc2ccccc2)CC1)Nc1cccc(S(=O)(=O)N2CCOCC2)c1
17407874.0,C/C(=N\NC(=O)C1=CC=C(C=C1)N)/CC(=O)NCCC2=CC(=C(C=C2)OC)OC,Inactive,0.55,0,O=C(C/C=N/NC(=O)c1ccccc1)NCCc1ccccc1
863599.0,CCSC1=NC(=NC2=C1OC3=CC=CC=C32)C,Inactive,7.15,0,c1ccc2c(c1)oc1cncnc12
22406720.0,C1CN(CCN1C2=CC=CC=C2)C3=C(C=C(C=C3)S(=O)(=O)NC4=CC=CC=C4)[N+](=O)[O-],Inactive,33.06,0,O=S(=O)(Nc1ccccc1)c1ccc(N2CCN(c3ccccc3)CC2)cc1
24810095.0,C/C(=N/NC(=O)C(C1=CC=CC=C1)(C2=CC=CC=C2)O)/C3=CC=C(O3)[N+](=O)[O-],Inactive,-2.32,0,O=C(N/N=C\c1ccco1)C(c1ccccc1)c1ccccc1
24825096.0,C1CCC(CC1)(CNC(=O)COC2=CC=CC=C2)N3CCCCC3,Inactive,-3.23,0,O=C(COc1ccccc1)NCC1(N2CCCCC2)CCCCC1
3712298.0,CC(C)CN(C1CCS(=O)(=O)C1)C(=O)COC(=O)CC2=NNC(=O)C3=CC=CC=C32,Inactive,5.03,0,O=C(COC(=O)Cc1n[nH]c(=O)c2ccccc12)NC1CCS(=O)(=O)C1
22404365.0,CN(C)C1=C2C3=C(C(=NC=N3)NCC(CO)O)SC2=NC=C1,Inactive,1.89,0,c1cnc2sc3cncnc3c2c1
859309.0,CN1C2=CC=CC=C2N=C1SCC(=O)NCC3=CC=CC=C3,Inactive,6.18,0,O=C(CSc1nc2ccccc2[nH]1)NCc1ccccc1
24707916.0,COC(=O)[C@@H]1C[C@H]1[C@H](C2=CC=CC=C2)NC(=O)C3=CC=CC=C3,Inactive,-8.54,0,O=C(N[C@@H](c1ccccc1)C1CC1)c1ccccc1
863284.0,CC1=CC(=NC2=C1C=C(C=C2)OC)SCC(=O)N,Inactive,14.9,0,c1ccc2ncccc2c1
14724278.0,CCCCNC(=O)NC1=CC=CC=C1C(=O)NCCC,Inactive,-28.53,0,c1ccccc1
14726771.0,COC1=CC=C(C=C1)NC2=NC(=NC(=N2)N)CSCCO,Inactive,21.45,0,c1ccc(Nc2ncncn2)cc1
14732449.0,CC1=C2C(=CC=C1)SC(=N2)NC(=O)CSCC3=CC=CC=C3,Inactive,41.33,0,O=C(CSCc1ccccc1)Nc1nc2ccccc2s1
17406837.0,COC1=C(C=C(C(=C1)/C=C/2\C(=O)N(C(=O)S2)CC(=O)N3CCCC3)Br)OCC(=O)OC,Inactive,-2.13,0,O=C(CN1C(=O)S/C(=C/c2ccccc2)C1=O)N1CCCC1
7966812.0,CC1=CC2=C(C=C1)OCC(=O)N2CCCC(=O)NCC3=CN=CC=C3,Inactive,2.36,0,O=C(CCCN1C(=O)COc2ccccc21)NCc1cccnc1
17409918.0,C1=CC=C(C=C1)C2=NC3=C(N2OCC4=CC=C(C=C4)Cl)C=C(C=C3)[N+](=O)[O-],Inactive,20.33,0,c1ccc(COn2c(-c3ccccc3)nc3ccccc32)cc1
24808415.0,C1=CC=C(C(=C1)C(=O)O/N=C(/C2=CC=NC=C2)\N)Cl,Inactive,13.4,0,O=C(O/N=C/c1ccncc1)c1ccccc1
22404385.0,C/C(=N\NC(=S)N)/C1=CC=C(S1)Cl,Inactive,-8.06,0,c1ccsc1
4258178.0,COCCCNS(=O)(=O)C1=C(C(=C(C=C1)OC)Cl)Cl,Inactive,-4.24,0,c1ccccc1
24806034.0,CC1=CC([N+](C2=CC=CC=C12)(C)C)(C)C.[I-],Inactive,0.8,0,C1=Cc2ccccc2[NH2+]C1
24807276.0,CC1=CC=C(C=C1)N(CC(=O)NC2CCCC2)C(=O)C3=CC=C(S3)C,Inactive,18.13,0,O=C(CN(C(=O)c1cccs1)c1ccccc1)NC1CCCC1
3711838.0,C1C2CC3(CC1CC(C2)(C3)O)C(=O)OCC(=O)N4CC(=O)NC5=CC=CC=C54,Inactive,-2.35,0,O=C1CN(C(=O)COC(=O)C23CC4CC(CC(C4)C2)C3)c2ccccc2N1
17515391.0,C1CCC2=C(C1)N=C(S2)NC(=S)NC(=O)C3=CC=C(C=C3)C(=O)C4=CC=CC=C4,Inactive,6.43,0,O=C(NC(=S)Nc1nc2c(s1)CCCC2)c1ccc(C(=O)c2ccccc2)cc1
14726119.0,CC1=C(C(=NO1)C2=CC=CC=C2)C(=O)NC3=NN=C(S3)C,Inactive,10.47,0,O=C(Nc1nncs1)c1conc1-c1ccccc1
24787510.0,C1CCN(CC1)C(=O)NC(=O)C2=CC=CC=C2,Inactive,0.4,0,O=C(NC(=O)N1CCCCC1)c1ccccc1
14744013.0,C1C2=CC=CC=C2C(=NC(=O)C3=CC=CS3)N=C4N1C=C(C=C4)Br,Inactive,-4.33,0,O=C(N=C1N=C2C=CC=CN2Cc2ccccc21)c1cccs1
863878.0,CC1=CC(=O)N2C(=NNC2=N1)C,Inactive,-9.89,0,O=c1ccnc2[nH]ncn12
24707959.0,COC1=CC2=C(C=C1)NC(=O)C(=C2)C3=NN(N=N3)C4=CC=CC=C4,Inactive,-0.66,0,O=c1[nH]c2ccccc2cc1-c1nnn(-c2ccccc2)n1
14725152.0,CCOC1=CC=C(C=C1)C(C(=O)NC2CCCCC2)N(C3=CC(=C(C=C3)N4C=NN=N4)C)C(=O)C5=CC=CO5,Inactive,-3.67,0,O=C(NC1CCCCC1)C(c1ccccc1)N(C(=O)c1ccco1)c1ccc(-n2cnnn2)cc1
3714638.0,CC(C)C1=CC=C(C=C1)C(=O)N2CCN(CC2)CCO.Cl,Inactive,8.15,0,O=C(c1ccccc1)N1CCNCC1
16952972.0,CC1=C(C=C(C=C1)S(=O)(=O)NC2CCCC2)C,Inactive,-19.61,0,O=S(=O)(NC1CCCC1)c1ccccc1
17515723.0,COC1=CC2=C(C(=CN=C2C=C1)S(=O)(=O)C3=CC=CC=C3)N4CCC5(CC4)OCCO5,Inactive,22.04,0,O=S(=O)(c1ccccc1)c1cnc2ccccc2c1N1CCC2(CC1)OCCO2
17508973.0,CC(=O)NC1=CC=C(C=C1)S(=O)(=O)N(CCC2=CC=CC=C2)CC(=O)N/N=C/C3=CC(=C(C=C3)OC)OC,Inactive,-15.05,0,O=C(CN(CCc1ccccc1)S(=O)(=O)c1ccccc1)N/N=C/c1ccccc1
17407918.0,COCCNC(=S)NC1CC2CCCC(C1)N2CC3=CC=CO3,Inactive,6.78,0,c1coc(CN2C3CCCC2CCC3)c1
4247302.0,CC1=C(C=C(C=C1)NC(=O)N(C2CCCC2)C3CCN(CC3)C(=O)C)C,Inactive,2.88,0,O=C(Nc1ccccc1)N(C1CCCC1)C1CCNCC1
17410345.0,COC1=CC=C(C=C1)C2=CC=NC3=NC(=NN23)N4CCN(CC4)C5=CC=CC=C5,Inactive,40.05,0,c1ccc(-c2ccnc3nc(N4CCN(c5ccccc5)CC4)nn23)cc1
24841656.0,CCO[C@@H]1[C@H]([C@@H](C=C(O1)C(=O)NCC#C)C2=CC=C(C=C2)C#C)CCCO,Inactive,-1.85,0,C1=C[C@@H](c2ccccc2)CCO1
24802157.0,CC(C)(C)C(=O)COC(=O)CCC1=NC2=CC=CC=C2NC1=O,Inactive,-8.05,0,O=c1cnc2ccccc2[nH]1
7971155.0,CCC(C)C1C(=C(OC2=NNC(=C12)C)N)C#N,Inactive,-4.31,0,C1=COc2n[nH]cc2C1
24821831.0,C1=CC=NC(=C1)CCNC(=O)CC2=C(C=C(C=N2)C(F)(F)F)Cl,Inactive,5.81,0,O=C(Cc1ccccn1)NCCc1ccccn1
22411914.0,CC(C)C1=CC=C(C=C1)/C=N/NC(=O)C2=C(C=NN2C)Cl,Inactive,-5.48,0,O=C(N/N=C/c1ccccc1)c1ccn[nH]1
7966242.0,CC1=C(C(=NC2=C(C(=NN12)C)C3=CC=C(C=C3)F)C)CCC(=O)N4CCN(CC4)C5=CC=CC=N5,Inactive,12.33,0,O=C(CCc1cnc2c(-c3ccccc3)cnn2c1)N1CCN(c2ccccn2)CC1
24828119.0,CC1=CC=C(C=C1)NC(=O)CNC2=CC=CC=C2C(=O)C,Inactive,6.21,0,O=C(CNc1ccccc1)Nc1ccccc1
22401320.0,C1=CC=C(C(=C1)CSC2=NN=C(S2)SCC(=O)N/N=C/C3=CNC4=CC=CC=C43)Cl,Inactive,7.87,0,O=C(CSc1nnc(SCc2ccccc2)s1)N/N=C/c1c[nH]c2ccccc12
17504102.0,C1C(SC2=NC(=C(N2C1=O)C3=CC=CC=C3)C4=CC=CC=C4)C5=CC=CC=C5,Inactive,-4.37,0,O=C1CC(c2ccccc2)Sc2nc(-c3ccccc3)c(-c3ccccc3)n21
17432387.0,COC1=CC=CC=C1NC2=CC(=O)CC(C2)C3=CC=CC=C3,Inactive,-2.57,0,O=C1C=C(Nc2ccccc2)CC(c2ccccc2)C1
22417036.0,CCCCN(CC)C(=O)C1=CC=CC=C1OC2=CC=CC=C2,Inactive,10.03,0,c1ccc(Oc2ccccc2)cc1
17414912.0,CC1=CC=C(C=C1)/C(=N/OC(=O)C2=CC(=NC3=CC=CC=C32)C4=CC=CC=C4)/N,Inactive,-9.73,0,O=C(O/N=C/c1ccccc1)c1cc(-c2ccccc2)nc2ccccc12
865918.0,C1=CC=C(C(=C1)C2=NOC(=N2)CCC(=O)O)Cl,Inactive,-0.26,0,c1ccc(-c2ncon2)cc1
24835751.0,CC1=C(C=C(C=C1)NC(=O)COC(=O)/C=C/C2=CC=CC=C2)S(=O)(=O)N3CCOCC3,Inactive,-16.55,0,O=C(COC(=O)/C=C/c1ccccc1)Nc1cccc(S(=O)(=O)N2CCOCC2)c1
24814260.0,CC1=C(C=C(C=C1)N2C3=NC=NC(=C3C=N2)NNC(=O)C)C,Inactive,-1.88,0,c1ccc(-n2ncc3cncnc32)cc1
849244.0,CC1=CC2=C(C=C1)OCC(=O)N2CC(=O)OC(CC(C)C)C(=O)NC3CCCC3,Inactive,10.19,0,O=C(COC(=O)CN1C(=O)COc2ccccc21)NC1CCCC1
17411755.0,COC1=CC=C(C=C1)OCCCCOC2=CC=CC=C2Cl,Inactive,14.66,0,c1ccc(OCCCCOc2ccccc2)cc1
4241410.0,CCN(CCCNC(=O)CCNC(=O)CN1C=CC2=CC=CC=C2C1=O)C3=CC=CC=C3,Inactive,13.31,0,O=C(CCNC(=O)Cn1ccc2ccccc2c1=O)NCCCNc1ccccc1
22409878.0,COC1=CC=C(C=C1)NC(=S)NC2=CC=CC3=C2C=CN=C3,Inactive,0.04,0,S=C(Nc1ccccc1)Nc1cccc2cnccc12
24834166.0,CC1=CC=C(C=C1)N2C(=O)C3=CC=CC=C3N=C2SCC(=O)N(C)C4CCS(=O)(=O)C4,Inactive,6.45,0,O=C(CSc1nc2ccccc2c(=O)n1-c1ccccc1)NC1CCS(=O)(=O)C1
17511239.0,C1=CC=C(C=C1)/C=C/C=N/N(CCO)C2=NS(=O)(=O)C3=CC=CC=C32,Inactive,-13.57,0,O=S1(=O)N=C(N/N=C/C=C/c2ccccc2)c2ccccc21
24803420.0,CCOC1=C(C=CC(=C1)C2C(=C(NC(=O)N2)C3=CC=CC=C3)C(=O)C)OC(=O)C,Inactive,11.1,0,O=C1NC(c2ccccc2)=CC(c2ccccc2)N1
863074.0,CN1CCC2=C(C1)SC3=NC(=NC(=C23)N)SCC(=O)N4CCOCC4,Inactive,2.81,0,O=C(CSc1ncc2c3c(sc2n1)CNCC3)N1CCOCC1
24791735.0,C1=CC=C(C=C1)N2C=C(C(=N2)C3=CC4=CC=CC=C4O3)/C=N/NC(=O)C5=CNC6=CC=CC=C65,Inactive,-4.45,0,O=C(N/N=C/c1cn(-c2ccccc2)nc1-c1cc2ccccc2o1)c1c[nH]c2ccccc12
17414926.0,CC(=O)NC1=CC=C(C=C1)S(=O)(=O)NCCSCC2=C(C=CC=C2Cl)Cl,Inactive,-10.38,0,O=S(=O)(NCCSCc1ccccc1)c1ccccc1
24828686.0,CN1C=CN=C1SCC(=O)NC2=CC(=CC=C2)[N+](=O)[O-],Inactive,2.33,0,O=C(CSc1ncc[nH]1)Nc1ccccc1
4257485.0,CSC1=NC2=C(C3=CC=CC=C3N=CO2)N=N1,Inactive,-4.56,0,C1=Nc2ccccc2-c2nncnc2O1
24780111.0,C1=CC=C(C=C1)CC(C(=O)O)NC(=O)/C(=C\C2=CC=CC=C2F)/NC(=O)C3=CC=CC=C3,Inactive,-19.13,0,O=C(NCCc1ccccc1)/C(=C\c1ccccc1)NC(=O)c1ccccc1
7973943.0,CC(=O)C1=CC(=CC=C1)NC(=O)C2=C(C(=C(C(=C2F)F)F)F)F,Inactive,6.01,0,O=C(Nc1ccccc1)c1ccccc1
22408375.0,C1=CC2=C(C=CC(=C2)C=NC3=C(C(=C(C(=C3F)F)F)F)F)N=C1,Inactive,7.07,0,C(=Nc1ccccc1)c1ccc2ncccc2c1
24779627.0,C1=CC=C(C=C1)CSC2=NC3=C(C=NN3)C(=O)N2,Inactive,0.98,0,O=c1[nH]c(SCc2ccccc2)nc2[nH]ncc12
24828334.0,CC(C)OCCCN1C(=O)C2=CC=CC=C2N=C1NN,Inactive,-4.2,0,O=c1[nH]cnc2ccccc12
24813436.0,CCCCN1C(=NN=C1SCC(=O)NNC(=O)C2=CC=CO2)C3=CC=CO3,Inactive,-3.45,0,O=C(CSc1nnc(-c2ccco2)[nH]1)NNC(=O)c1ccco1
17505378.0,C1OC2=C(O1)C=C3C(=C2)C=C(C(=O)N3)CN(CC4=CC=CS4)C(=O)NC5=CC=C(C=C5)F,Inactive,45.43,0,O=C(Nc1ccccc1)N(Cc1cccs1)Cc1cc2cc3c(cc2[nH]c1=O)OCO3
7967903.0,CCOC1=CC=C(C=C1)NC(=O)CN2C(=O)C3CCCN3C2=O,Inactive,-4.24,0,O=C(CN1C(=O)C2CCCN2C1=O)Nc1ccccc1
24822676.0,C1CCC(CC1)NC(=O)CC2=CC=C(C=C2)NC3=NC(=S)NC4=CC=CC=C43,Inactive,-1.32,0,O=C(Cc1ccc(Nc2nc(=S)[nH]c3ccccc23)cc1)NC1CCCCC1
17515119.0,CCOC(=O)CSC1=NN=C(S1)NC(=O)C2=CC(=CC=C2)[N+](=O)[O-],Inactive,5.44,0,O=C(Nc1nncs1)c1ccccc1
24839173.0,CC(=O)C1=CC(=C(C=C1)OC)COC(=O)C2=CC=C(C=C2)S(=O)(=O)N(C)C,Inactive,-6.55,0,O=C(OCc1ccccc1)c1ccccc1
24827044.0,CC1CC2=CC=CC=C2N1C(=O)COC3=C(N=C(C=C3)C)[N+](=O)[O-],Inactive,-14.29,0,O=C(COc1cccnc1)N1CCc2ccccc21
14736211.0,CC(=O)NC1=CC=CC=C1NS(=O)(=O)C2=CC=C(C=C2)Cl,Inactive,14.05,0,O=S(=O)(Nc1ccccc1)c1ccccc1
3712387.0,CC(=O)C1=CC=C(C=C1)NC(=O)CC2C(=O)N(C(=NC3=CC=CC=C3)S2)CCOC,Inactive,-6.54,0,O=C(CC1SC(=Nc2ccccc2)NC1=O)Nc1ccccc1
14735055.0,CCOC1=C(C=C(C=C1)C2C(=C(N=C3N2C(=O)CS3)C4=CC=CC=C4)C(=O)OCC)OCC,Inactive,-8.13,0,O=C1CSC2=NC(c3ccccc3)=CC(c3ccccc3)N12
14724644.0,CC(C)CC1=CC=C(C=C1)C(C)C(=O)NC2=NC=CS2,Inactive,14.41,0,O=C(Cc1ccccc1)Nc1nccs1
4263855.0,CCOC(=O)C1=CC=C(C=C1)NC(=O)NC2=CC3=C(C=C2)OCCO3,Inactive,16.69,0,O=C(Nc1ccccc1)Nc1ccc2c(c1)OCCO2
862864.0,CC1(CC2=C(C(C(=C(O2)/N=C/N3CCN(CC3)C)C#N)C4=CC(=C(C=C4)OC)OC)C(=O)C1)C,Inactive,-9.4,0,O=C1CCCC2=C1C(c1ccccc1)C=C(/N=C/N1CCNCC1)O2
856616.0,CC1=CC(=NC(=C1C#N)SCC2=C3C(C(=C(OC3=NN2)N)C#N)C4=CC=CC=C4)C,Inactive,25.96,0,C1=CC(c2ccccc2)c2c(n[nH]c2CSc2ccccn2)O1
14730892.0,CC1=CC=C(C=C1)C(C(C(=O)C2=CC=CC=C2)NC)OC.OCl(=O)(=O)=O,Inactive,-6.03,0,O=C(CCc1ccccc1)c1ccccc1
863768.0,CN1CCN(CC1)C2=C(C=C3C4=C2SCCN4C=C(C3=O)C(=O)O)F.Cl,Inactive,-8.81,0,O=c1ccn2c3c(c(N4CCNCC4)ccc13)SCC2
24786956.0,C(CCOC1=NON=C1N)COC2=NON=C2N,Inactive,-10.04,0,c1nonc1OCCCCOc1cnon1
24806771.0,C1CCCN(CC1)CC2=CNC3=CC=CC=C32.Cl,Inactive,-17.39,0,c1ccc2c(CN3CCCCCC3)c[nH]c2c1
17517205.0,CCOC(=O)N1CCC(=NNC(=O)COC2=CC=C(C=C2)C#N)CC1,Inactive,-0.63,0,O=C(COc1ccccc1)NN=C1CCNCC1
14738325.0,CC1=C(C(=O)NC(=O)N1)S(=O)(=O)N(CC(=O)N2CCCCCC2)C3=CC=C(C=C3)OC,Inactive,5.47,0,O=C(CN(c1ccccc1)S(=O)(=O)c1c[nH]c(=O)[nH]c1=O)N1CCCCCC1
14746071.0,COC1=CC=C(C=C1)N2CCN(CC2)CC3=CC=C(S3)Br,Inactive,20.25,0,c1ccc(N2CCN(Cc3cccs3)CC2)cc1
24830383.0,CN1CCN(CC1)NC(=S)NC2=CC=C(C=C2)OC(F)F,Inactive,2.6,0,S=C(Nc1ccccc1)NN1CCNCC1
7971505.0,CC1CC(CC(C1)(C)C)NC(=O)CCN2C3=CC=CC=C3OC2=O,Inactive,2.54,0,O=C(CCn1c(=O)oc2ccccc21)NC1CCCCC1
7973850.0,COC1=CC(=C(C=C1)NC(=O)C2=C(SC3=C2CCC3)NC(=O)CNCC4=CC=CO4)OC,Inactive,13.04,0,O=C(CNCc1ccco1)Nc1sc2c(c1C(=O)Nc1ccccc1)CCC2
14732047.0,C1CN(CCN1C(=O)C2=CC=CO2)C(=O)C3=NN4C=CC=NC4=C3Cl,Inactive,5.16,0,O=C(c1cc2ncccn2n1)N1CCN(C(=O)c2ccco2)CC1
14745177.0,C1=CC=C2C(=C1)C(=NN=C2N/N=C/C3=CC=C(C=C3)Cl)C4=NC=CN4,Inactive,35.93,0,C(=N/Nc1nnc(-c2ncc[nH]2)c2ccccc12)\c1ccccc1
24802528.0,CCCCC1=CC=C(S1)/C=C(\C#N)/C(=S)N,Inactive,0.13,0,c1ccsc1
24784373.0,C1CCN(CC1)C(=S)NC2=CC3=C(C=C2)N=C(C(=N3)C4=CC=CC=N4)C5=CC=CC=N5,Inactive,0.67,0,S=C(Nc1ccc2nc(-c3ccccn3)c(-c3ccccn3)nc2c1)N1CCCCC1
17414315.0,C1=CC(=CC=C1OCC(=O)NC2=NC=C(C=C2)[N+](=O)[O-])Br,Inactive,14.72,0,O=C(COc1ccccc1)Nc1ccccn1
22411518.0,CCC1(C(=O)N(C(=O)N1)CC2=CC=C(C=C2)C(=O)OC)C3=CC=CC=C3,Inactive,-23.39,0,O=C1NC(c2ccccc2)C(=O)N1Cc1ccccc1
17505724.0,CN1C=CC=C1/C=C\2/C(=O)N(C(=S)S2)NC(=O)C3=CC=C(C=C3)Cl,Inactive,3.26,0,O=C(NN1C(=O)/C(=C/c2ccc[nH]2)SC1=S)c1ccccc1
4243970.0,C1CN(CCN1CCNC(=O)C2=CC=CN3C2=NC4=CC=CC=C4C3=O)C5=CC=CC=C5,Inactive,4.53,0,O=C(NCCN1CCN(c2ccccc2)CC1)c1cccn2c(=O)c3ccccc3nc12
24787061.0,CC1=CC(=NC=C1)NC(=O)CCC(=O)N(CC2=CC=CC=C2)CC(=O)NC3CCCCC3,Inactive,-6.95,0,O=C(CCC(=O)N(CC(=O)NC1CCCCC1)Cc1ccccc1)Nc1ccccn1
14741366.0,CCCCC1C(=O)N(/C(=N\N=C\C2=CC=C(C=C2)OC)/S1)CC3=CC=C(C=C3)OC,Inactive,4.97,0,O=C1CS/C(=N/N=C/c2ccccc2)N1Cc1ccccc1
17434033.0,C1=CC=C2C(=C1)C=C(O2)C3=NN(C=C3C=O)CCC(=O)O,Inactive,11.61,0,c1ccc2oc(-c3cc[nH]n3)cc2c1
24789218.0,CN(C1CCCCC1)C2CCN(CC2)C(=S)NC3=CC(=CC=C3)SC,Inactive,-4.79,0,S=C(Nc1ccccc1)N1CCC(NC2CCCCC2)CC1
17385699.0,CC1=CC(=C(C=C1)S(=O)(=O)N(C2=CC=C(C3=CC=CC=C32)OC(=O)C4=CC=NC=C4)C(=O)C5=CC=NC=C5)C,Inactive,19.47,0,O=C(Oc1ccc(N(C(=O)c2ccncc2)S(=O)(=O)c2ccccc2)c2ccccc12)c1ccncc1
17509783.0,CC1CCN(CC1)C(=O)C2=CC(=C(C=C2)S(=O)(=O)CC3=CC=CC=C3F)[N+](=O)[O-],Inactive,-59.0,0,O=C(c1ccc(S(=O)(=O)Cc2ccccc2)cc1)N1CCCCC1
24837967.0,CC1=CC2=C(C=C1)N=C(N2)SCC(=O)NC3=C(C=CC=C3F)F,Inactive,-16.77,0,O=C(CSc1nc2ccccc2[nH]1)Nc1ccccc1
14736688.0,CC1=CC=CC=C1NC(=O)NCCCN2CCCC2,Inactive,4.0,0,O=C(NCCCN1CCCC1)Nc1ccccc1
859389.0,CC1=CC2=C(C(C(=C(O2)N)C#N)CC3=CC=CC=C3)C(=O)O1,Inactive,-0.41,0,O=c1occc2c1C(Cc1ccccc1)C=CO2
846622.0,C1CCCN(CC1)S(=O)(=O)C2=C(C=CC(=C2)C(F)(F)F)Cl,Inactive,-2.74,0,O=S(=O)(c1ccccc1)N1CCCCCC1
22402203.0,CN1C=C(C2=CC=CC=C21)/C=C(\C#N)/C(=O)NC3=NC=C(S3)CC4=CC(=CC=C4)Cl,Inactive,0.8,0,O=C(/C=C/c1c[nH]c2ccccc12)Nc1ncc(Cc2ccccc2)s1
842766.0,CC1=NN(C(=O)C2=CC=CC=C12)CC(=O)N(C)C,Inactive,0.53,0,O=c1[nH]ncc2ccccc12
4248510.0,CCN(C1=CC=CC(=C1)C(F)(F)F)S(=O)(=O)C2=CC3=C(C=C2)N(CC3)C(=O)C,Inactive,-13.26,0,O=S(=O)(Nc1ccccc1)c1ccc2c(c1)CCN2
14734737.0,COC1=CC=C(C=C1)C2=NN(C(=N2)SCC3=CC=CC=C3)S(=O)(=O)C,Inactive,-8.6,0,c1ccc(CSc2nc(-c3ccccc3)n[nH]2)cc1
4256897.0,C1COC2=C(O1)C=CC(=C2)C(=O)NCC3=CC=CS3,Inactive,3.83,0,O=C(NCc1cccs1)c1ccc2c(c1)OCCO2
4245981.0,CC1=CC2=CC=CC=C2N1CCNC(=O)C3CCCC3,Inactive,19.43,0,O=C(NCCn1ccc2ccccc21)C1CCCC1
17407838.0,CC1(CCS(=O)(=O)C1)NC(=O)N2CCOCC2,Inactive,-1.47,0,O=C(NC1CCS(=O)(=O)C1)N1CCOCC1
17411362.0,CC(C)CC(=O)C1=CNC(=C1)C(=O)NCCC2=CC=CC=N2,Inactive,5.34,0,O=C(NCCc1ccccn1)c1ccc[nH]1
7975195.0,C1CN(CCN1C2=CC=CC=C2)C(=O)COC3=CC=CC4=CC=CC=C43,Inactive,15.91,0,O=C(COc1cccc2ccccc12)N1CCN(c2ccccc2)CC1
861651.0,CC1=CC=CC=C1OCC(=O)N(CC2=CC=C(C=C2)N(C)C)C3CCS(=O)(=O)C3,Inactive,16.86,0,O=C(COc1ccccc1)N(Cc1ccccc1)C1CCS(=O)(=O)C1
14736158.0,COC1=CC=C(C=C1)OCCN2C=NC=N2,Inactive,-4.27,0,c1ccc(OCCn2cncn2)cc1
17507306.0,C1=CC=C(C=C1)OCC(=O)NNC(=O)C2=CC3=CC=CC=C3O2,Inactive,-7.43,0,O=C(COc1ccccc1)NNC(=O)c1cc2ccccc2o1
864087.0,CCC1=NC(=NN1)SCC(=O)NC2=C(N(N(C2=O)C3=CC=CC=C3)C)C,Inactive,4.42,0,O=C(CSc1nc[nH]n1)Nc1c[nH]n(-c2ccccc2)c1=O
4247879.0,COC1=CC=CC(=C1)N2C3=C(C(=O)N(C=N3)CC4=CC=CC=C4Cl)N=N2,Inactive,-5.99,0,O=c1c2nnn(-c3ccccc3)c2ncn1Cc1ccccc1
14721610.0,CC1(CC2=NC3=C(C=C2CO1)C(=C(S3)C(=O)NCCO)N)C,Inactive,-16.09,0,c1cc2cc3c(nc2s1)CCOC3
17513316.0,CC1=CC(=C(N1C2=CC=CC=C2)C)/C=C\3/C(=O)NC(=O)N(C3=O)CC4=CC=CO4,Inactive,10.84,0,O=C1NC(=O)N(Cc2ccco2)C(=O)/C1=C\c1ccn(-c2ccccc2)c1
14718733.0,CN1C=C(C=N1)CNC(=O)C23CC4CC(C2)CC(C4)C3,Inactive,4.79,0,O=C(NCc1cn[nH]c1)C12CC3CC(CC(C3)C1)C2
24809547.0,C1CCCN(CC1)C(=O)CN2C(=O)/C(=C\C3=CN(C4=CC=CC=C43)CC(=O)O)/SC2=O,Inactive,-8.03,0,O=C(CN1C(=O)S/C(=C/c2c[nH]c3ccccc23)C1=O)N1CCCCCC1
4242532.0,C1=CC=C(C=C1)N=CC2=C(N(C(=S)S2)CC(=O)O)O,Inactive,-1.86,0,S=c1[nH]cc(C=Nc2ccccc2)s1
7975749.0,C=CCC1=CC=CC=C1OCCCCN2CCCC2,Inactive,-17.38,0,c1ccc(OCCCCN2CCCC2)cc1
7972951.0,CCN(CC)P(=O)(N(CC)CC)OC1=CC=CC(=C1)C,Inactive,7.75,0,c1ccccc1
861659.0,COC1=CC=CC(=C1)C2CC(NC3=NC(=NN23)N)C4=CC=CC=C4Cl,Inactive,-3.96,0,c1ccc(C2CC(c3ccccc3)n3ncnc3N2)cc1
14742062.0,CC1(C(N(C(=O)N1CC(=O)NCC(=O)OC)C2=CC=C(C=C2)Cl)N(C(=O)NC3=CC=C(C=C3)Cl)O)C,Inactive,-8.63,0,O=C(Nc1ccccc1)NC1CNC(=O)N1c1ccccc1
24782066.0,CC1=C(N=C(O1)C2=COC=C2)CN(C)C(C)C3=CC(=CC=C3)OC,Inactive,17.03,0,c1ccc(CNCc2coc(-c3ccoc3)n2)cc1
17410943.0,CC1=C(C=C(C=C1)NC2C(C(C(O2)C(CO)O)O)O)[N+](=O)[O-],Inactive,7.64,0,c1ccc(NC2CCCO2)cc1
7965820.0,C1CN(CCN1CC2=CC=CC=C2)C(=O)CCCN3C(=O)CSC4=C3C=CC=N4,Inactive,3.05,0,O=C(CCCN1C(=O)CSc2ncccc21)N1CCN(Cc2ccccc2)CC1
24813076.0,C1=CC=C(C=C1)NC(=O)CCC(=O)NN,Inactive,4.69,0,c1ccccc1
847966.0,C1CN(CCN1C2=CC=CC=C2)C(=O)COC(=O)C3=CC=CC=N3,Inactive,-0.26,0,O=C(OCC(=O)N1CCN(c2ccccc2)CC1)c1ccccn1
852753.0,CCOC(=O)CN(C1=CC=CC=C1)C(=O)CSC2=NN=C(N2C)COC3=CC=C(C=C3)OC,Inactive,-2.65,0,O=C(CSc1nnc(COc2ccccc2)[nH]1)Nc1ccccc1
24827502.0,CCC(=O)OCC(=O)NC1=C(C=CC(=C1)[N+](=O)[O-])Cl,Inactive,-10.62,0,c1ccccc1
14738277.0,CC1=CC2=C(O1)C=C(N2CC3=C(C=CC=C3Cl)F)C(=O)N4CCC(CC4)C(=O)N5CCCC5,Inactive,-11.29,0,O=C(c1cc2occc2n1Cc1ccccc1)N1CCC(C(=O)N2CCCC2)CC1
17506698.0,CC1=CC2=NC(=NC(=C2C=C1)C)SC(C3=CC=CC=C3)C(=O)C4=CC=CC=C4,Inactive,10.45,0,O=C(c1ccccc1)C(Sc1ncc2ccccc2n1)c1ccccc1
17408870.0,C1=CC=NC(=C1)SC2=CC(=CC(=C2)[N+](=O)[O-])NC(=O)C3=CC=C(C=C3)[N+](=O)[O-],Inactive,0.0,0,O=C(Nc1cccc(Sc2ccccn2)c1)c1ccccc1
17505263.0,C=CCN\1C(=O)/C(=C/C2=CC=C(C=C2)OCC(=O)O)/S/C1=N/C3=NC=CS3,Inactive,2.09,0,O=C1N/C(=N\c2nccs2)S/C1=C\c1ccccc1
24825696.0,CC1(C(=O)NC2=CC=CC=C2N1C(=O)CN3C(=O)C(=O)N(C3=O)C4CCCC4)C,Inactive,-4.91,0,O=C1CN(C(=O)CN2C(=O)C(=O)N(C3CCCC3)C2=O)c2ccccc2N1
845113.0,CN1C2=C(C(=O)NC1=O)N(C(=N2)Br)CCOC3=CC=CC=C3,Inactive,10.92,0,O=c1[nH]c(=O)c2c(ncn2CCOc2ccccc2)[nH]1
22405205.0,COC1=CC=C(C=C1)C2=NN(C(C2)C3=CC=CO3)C(=O)CSC4=NN=C(O4)C5=CC=CC=C5F,Inactive,26.35,0,O=C(CSc1nnc(-c2ccccc2)o1)N1N=C(c2ccccc2)CC1c1ccco1
24815544.0,CC1=CC=C(C=C1)CSC2=NN=C(C(=O)N2)C,Inactive,4.58,0,O=c1cnnc(SCc2ccccc2)[nH]1
17406753.0,C1=CC(=CC(=C1)Cl)SC2=C(C=CC=N2)N,Inactive,51.51,0,c1ccc(Sc2ccccn2)cc1
22408544.0,CCNC(=S)N/N=C(\C)/C1=CC=C(C=C1)N2CCOCC2,Inactive,20.76,0,c1ccc(N2CCOCC2)cc1
4243221.0,CN(CCNC(=O)CCNC(=O)CN1C=CC2=CC=CC=C2C1=O)CC3=CC=CC=C3,Inactive,-4.64,0,O=C(CCNC(=O)Cn1ccc2ccccc2c1=O)NCCNCc1ccccc1
3715255.0,C1CCC(CC1)N2C(=NN=C2SCC(=O)N3CCCC4=CC=CC=C43)CC5=CC=CS5,Inactive,5.88,0,O=C(CSc1nnc(Cc2cccs2)n1C1CCCCC1)N1CCCc2ccccc21
846946.0,CC1=C(C=C(C=C1)N2CC(CC2=O)C(=O)OCC(=O)C(C)(C)C)C,Inactive,-1.64,0,O=C1CCCN1c1ccccc1
14739059.0,C1=CC=C2C(=C1)C(=O)N(C2=O)CCC3=NC(=NO3)C4=CC=NC=C4,Inactive,-5.62,0,O=C1c2ccccc2C(=O)N1CCc1nc(-c2ccncc2)no1
24790238.0,C1=CC2=C(C=C1S(=O)(=O)N)C(=C(C#N)C#N)C3=C2C=CC(=C3)S(=O)(=O)N,Inactive,0.28,0,C=C1c2ccccc2-c2ccccc21
7966973.0,CCOC(=O)N1CCC(CC1)NC(=O)C2CCN(CC2)S(=O)(=O)C3=CC=CC4=C3N=CC=C4,Inactive,3.6,0,O=C(NC1CCNCC1)C1CCN(S(=O)(=O)c2cccc3cccnc23)CC1
22402883.0,CC(C)[C@@H](C(=O)NC1=NC2=C(S1)CCCC2)NC(=O)C3=CC(=CC(=C3)OC)OC,Inactive,-1.81,0,O=C(CNC(=O)c1ccccc1)Nc1nc2c(s1)CCCC2
22405316.0,C1=CC=C(C=C1)CNC(=O)COC(=O)CCSC2=CC=C(C=C2)Cl,Inactive,6.45,0,O=C(COC(=O)CCSc1ccccc1)NCc1ccccc1
24790827.0,CCC1=CC=C(C=C1)NC(=O)C2=CC=CC=C2SC,Inactive,3.62,0,O=C(Nc1ccccc1)c1ccccc1
14732122.0,CCCC1=NC2=CC=CC=C2C(=C1)C(=O)O,Inactive,-8.39,0,c1ccc2ncccc2c1
853558.0,CC1=CC=CC=C1CN2C3=CC=CC=C3N=C2C4=CN=CS4,Inactive,39.27,0,c1ccc(Cn2c(-c3cncs3)nc3ccccc32)cc1
4261058.0,CN1C2=CN(C=C2C(=O)N(C1=O)C)CC3=CC=C(C=C3)Cl,Inactive,-13.88,0,O=c1[nH]c(=O)c2cn(Cc3ccccc3)cc2[nH]1
24841682.0,C#CCNC(=O)C1=C[C@H](C[C@H](O1)OCC2=CC=C(C=C2)CO)C3CCCCC3,Inactive,-8.22,0,C1=C[C@@H](C2CCCCC2)C[C@@H](OCc2ccccc2)O1
24827672.0,CN(C)CCNC(=S)NC1=C(C(=C(C=C1)F)F)F,Inactive,7.72,0,c1ccccc1
24822797.0,C1=COC(=C1)/C=C/C(=O)NCC(=O)N/N=C/C2=CC=C(C=C2)[N+](=O)[O-],Inactive,-23.32,0,O=C(/C=C/c1ccco1)NCC(=O)N/N=C/c1ccccc1
861322.0,C1CS(=O)(=O)CC1N(CC2=CC(=CC=C2)Cl)C(=O)C3=CC=CS3,Inactive,-13.2,0,O=C(c1cccs1)N(Cc1ccccc1)C1CCS(=O)(=O)C1
858786.0,CN(C)CC(=O)N1C2=CC=CC=C2CCC3=C1C=C(C=C3)NC(=O)C4=CC=C(C=C4)N.Cl,Inactive,2.66,0,O=C(Nc1ccc2c(c1)Nc1ccccc1CC2)c1ccccc1
4248847.0,CC1=C(C(=CC=C1)NC(=O)CCNS(=O)(=O)C2=CC3=C(C=C2)N(CC3)C(=O)C)C,Inactive,13.38,0,O=C(CCNS(=O)(=O)c1ccc2c(c1)CCN2)Nc1ccccc1
14729427.0,CCCNC(=O)C1=CN(C2=CC(=C(C=C2C1=O)F)N3CCN(CC3)C)CC,Inactive,2.62,0,O=c1cc[nH]c2cc(N3CCNCC3)ccc12
4250873.0,C1COCCN1S(=O)(=O)C2=CC=C(C=C2)C(=O)NC3=C4CSCC4=NN3C5=CC=C(C=C5)F,Inactive,19.3,0,O=C(Nc1c2c(nn1-c1ccccc1)CSC2)c1ccc(S(=O)(=O)N2CCOCC2)cc1
24799532.0,CC(=O)NC1=CC=C(C=C1)CN2CCN(C(C2)CCO)C3CCCC3,Inactive,3.81,0,c1ccc(CN2CCN(C3CCCC3)CC2)cc1
4242936.0,CCOC(=O)C1=C(NC2=NC=NN2C1C3=CC=CC=C3F)C,Inactive,-26.76,0,C1=CC(c2ccccc2)n2ncnc2N1
14734174.0,COC(=O)C1=C(N=CC=C1)NC(=S)NNC(=O)C2=CC=CC=C2,Inactive,8.46,0,O=C(NNC(=S)Nc1ccccn1)c1ccccc1
847120.0,CC1=CC2=C(C=C1)NC(=O)C(=C2)CN(CC3=CC=C(C=C3)OC)C(=O)N(C)C,Inactive,-13.62,0,O=c1[nH]c2ccccc2cc1CNCc1ccccc1
16952493.0,CC1=C(C(=NC=C1Cl)NC(=O)CSC2=NN=C3N2C=CC=C3)Cl,Inactive,-5.18,0,O=C(CSc1nnc2ccccn12)Nc1ccccn1
24823095.0,CC(C(=O)N1CCN(CC1)C2=CC=CC=N2)SC3=C(SC=C3)[N+](=O)[O-],Inactive,31.86,0,O=C(CSc1ccsc1)N1CCN(c2ccccn2)CC1
14724592.0,CC(C)(C)C(=O)NC1=CC=C(C=C1)C(=O)OC2CCCCC2,Inactive,15.98,0,O=C(OC1CCCCC1)c1ccccc1
852898.0,CCOC1=C(C=C(C=C1)C(=O)N2CCC(CC2)C(=O)OCC)OCC,Inactive,-0.39,0,O=C(c1ccccc1)N1CCCCC1
22403274.0,CC1=CC=CC=C1C(=O)NCCSCC2=CC=CC=C2,Inactive,-5.82,0,O=C(NCCSCc1ccccc1)c1ccccc1
24820394.0,CSC1=NN2C=CC(=NC2=N1)C3=CC(=CC=C3)C(F)(F)F,Inactive,6.36,0,c1ccc(-c2ccn3ncnc3n2)cc1
857045.0,CC1=CSC2=NC(=CN12)CSC3=NC4=CC=CC=C4O3,Inactive,18.39,0,c1ccc2oc(SCc3cn4ccsc4n3)nc2c1
848439.0,CC1=CC2=C(C=C1)N=C(S2)NC(=O)C3=CC=C(O3)CN4C=C(C=N4)Cl,Inactive,6.54,0,O=C(Nc1nc2ccccc2s1)c1ccc(Cn2cccn2)o1
17414894.0,CC1=CC=C(C=C1)NC(=S)N2CCN(CC2)CCN3C(=O)C4=CC=CC5=C4C(=CC=C5)C3=O,Inactive,5.65,0,O=C1c2cccc3cccc(c23)C(=O)N1CCN1CCN(C(=S)Nc2ccccc2)CC1
848047.0,CCNC1=NC2=C(N1CC3=CC=CC=C3)C(=O)N(C(=O)N2C)CC4=CC=CC=C4,Inactive,6.71,0,O=c1[nH]c2ncn(Cc3ccccc3)c2c(=O)n1Cc1ccccc1
17509753.0,CC(C)(C)OC(=O)N/N=C\C=C\C1=CC2=C(C=C1)OCO2,Inactive,12.15,0,c1ccc2c(c1)OCO2
24788585.0,CCOC(=O)C1=CC(=CC=C1)NC(=O)CCC2=CC=CC=C2,Inactive,2.42,0,O=C(CCc1ccccc1)Nc1ccccc1
17416241.0,CCOC(=O)C1=C(SC(=C1)C2=CC=CC=C2)NC(=O)C(C)(C)C,Inactive,-4.51,0,c1ccc(-c2cccs2)cc1
14741814.0,CN1C2=C(C=C(C=C2)OC)C3=C1C(=O)N(C=N3)CCC4=CC=CC=C4,Inactive,24.33,0,O=c1c2[nH]c3ccccc3c2ncn1CCc1ccccc1
4245891.0,CCCCNC(=O)CSC1=CC(=O)N(C2=CC=CC=C21)C,Inactive,5.34,0,O=c1ccc2ccccc2[nH]1
24793331.0,C=CCN1C(=NNC1=S)C2=CC=CC=C2F,Inactive,-3.32,0,S=c1[nH]nc(-c2ccccc2)[nH]1
24809069.0,C1CSCCN1C2CC(=O)N(C2=O)C3=CC(=CC=C3)Br,Inactive,-7.32,0,O=C1CC(N2CCSCC2)C(=O)N1c1ccccc1
24805706.0,CC(C)(C)C1=NN=C(S1)NC(=O)CC2=CC(=C(C=C2)OC)OC,Inactive,2.25,0,O=C(Cc1ccccc1)Nc1nncs1
4241014.0,CCN1CCN(CC1)C2=NC=C(C3=CC=CC=C32)C(=O)NC4=C(C=C(C=C4)F)F,Inactive,0.76,0,O=C(Nc1ccccc1)c1cnc(N2CCNCC2)c2ccccc12
17505303.0,CC1=CC=C(C=C1)C(C2=CC=C(C=C2)C)(C(=O)NNS(=O)(=O)C3=CC=C(C=C3)C)O,Inactive,5.46,0,O=C(NNS(=O)(=O)c1ccccc1)C(c1ccccc1)c1ccccc1
24808411.0,CC(C(=O)NC1CCCCC1)NCC2=CC=CS2.C(=O)(C(=O)O)O,Inactive,-7.45,0,O=C(CNCc1cccs1)NC1CCCCC1
849591.0,CC1=CC=C(C=C1)C(=O)CSC2=NN=C(N2C)CNC3=NC(=CS3)C4=CC=CC=C4,Inactive,4.88,0,O=C(CSc1nnc(CNc2nc(-c3ccccc3)cs2)[nH]1)c1ccccc1
7965007.0,CCS(=O)(=O)N1C(=CC(=N1)C2=CC=CC=C2)N,Inactive,2.26,0,c1ccc(-c2cc[nH]n2)cc1
24787299.0,CC1C(NC(CC1=O)C2=CC=C(C=C2)[N+](=O)[O-])C3=CC=C(C=C3)[N+](=O)[O-].Cl,Inactive,15.37,0,O=C1CC(c2ccccc2)NC(c2ccccc2)C1
3711448.0,CS(=O)(=O)C1=CC2=C(C=C1)N=C(S2)NC(=O)C3COC4=CC=CC=C4O3,Inactive,-4.07,0,O=C(Nc1nc2ccccc2s1)C1COc2ccccc2O1
24814583.0,C1=CC=C(C=C1)C(C2=CC=CC=C2)C(=O)NC(CC(=O)O)C3=CC=C(C=C3)F,Inactive,-6.84,0,O=C(NCc1ccccc1)C(c1ccccc1)c1ccccc1
22406952.0,COC1=CC(=CC(=C1OC)OC)/C=C/C(=O)NC2=C(C=C3C4=CC=CC=C4OC3=C2)OC,Inactive,9.29,0,O=C(/C=C/c1ccccc1)Nc1ccc2c(c1)oc1ccccc12
24821838.0,C1=CC=C(C(=C1)CNCC(C(F)(F)F)O)Cl,Inactive,7.52,0,c1ccccc1
14736680.0,C1C(OC2=CC=CC=C2O1)CCC(=O)NCC3=CC=CC=C3,Inactive,-15.89,0,O=C(CCC1COc2ccccc2O1)NCc1ccccc1
4247114.0,COC(=O)C1CCN(CC1)C2=CC(=O)N(C(=O)N2)CC3=CC=C(C=C3)F,Inactive,4.26,0,O=c1cc(N2CCCCC2)[nH]c(=O)n1Cc1ccccc1
24816184.0,CC1=CC=C(C=C1)C2=NN=C(C=C2)SCC(=O)NC3=NOC(=C3)C,Inactive,9.1,0,O=C(CSc1ccc(-c2ccccc2)nn1)Nc1ccon1
24837949.0,CC1=CC=C(C=C1)S(=O)(=O)N(C)CC(=O)OCC(=O)N2CC(=O)NC3=CC=CC=C32,Inactive,-2.48,0,O=C1CN(C(=O)COC(=O)CNS(=O)(=O)c2ccccc2)c2ccccc2N1
7971008.0,C1CN(CC2=CC=CC=C21)C3=NC=NC4=C3NC=N4,Inactive,-15.7,0,c1ccc2c(c1)CCN(c1ncnc3nc[nH]c13)C2
842198.0,CN1C=NN=C1SCC2=NC(=NC(=N2)NC3=CC=CC=C3OC)N,Inactive,14.58,0,c1ccc(Nc2ncnc(CSc3nnc[nH]3)n2)cc1
24789654.0,COC1=CC=C(C=C1)N(CC(=O)NCC2=CC=CO2)S(=O)(=O)C3=CC=CC=C3,Inactive,-11.05,0,O=C(CN(c1ccccc1)S(=O)(=O)c1ccccc1)NCc1ccco1
4249841.0,CCOC(=O)N1CCN(CC1)C2=CC(=O)N(C(=O)N2)C3=CC=C(C=C3)OC,Inactive,-1.22,0,O=c1cc(N2CCNCC2)[nH]c(=O)n1-c1ccccc1
14735180.0,CCCCC1=CC=C(C=C1)NC(=S)NCC2=CC=CS2,Inactive,7.89,0,S=C(NCc1cccs1)Nc1ccccc1
17515100.0,CC1=CC2=C(C=C1)N=C(S2)NNC(=O)C3=CC4=C(C=C3)OCCO4,Inactive,3.66,0,O=C(NNc1nc2ccccc2s1)c1ccc2c(c1)OCCO2
4242279.0,COC1=C(C=C(C=C1)C(=O)NCC2=NNC(=S)N2C3=CC=CC=C3)OC,Inactive,-15.44,0,O=C(NCc1n[nH]c(=S)n1-c1ccccc1)c1ccccc1
14728815.0,C[C@@H](C(=O)N1CCN(CC1)C2=NC(=NC(=N2)NCCOCCOCCOCC#C)N3CCN(CC3)C(=O)[C@H](C)N4C=C(N=N4)CCC[NH+]=C(N)N)N5C=C(N=N5)CCC[NH+]=C(N)N.[Cl-],Inactive,-25.64,0,O=C(Cn1ccnn1)N1CCN(c2ncnc(N3CCN(C(=O)Cn4ccnn4)CC3)n2)CC1
17410918.0,CC1=C(C=CC=C1Cl)NC(=O)C(=O)N/N=C(\C)/CC(=O)NC2=CC=CC=N2,Inactive,29.43,0,O=C(C/C=N/NC(=O)C(=O)Nc1ccccc1)Nc1ccccn1
24811788.0,CC1=NC2=C(C(=NN2C(=C1)Cl)C)C3=CC=C(C=C3)Cl,Inactive,1.12,0,c1ccc(-c2cnn3cccnc23)cc1
860357.0,C1=CC=C(C=C1)/C(=N/S(=O)(=O)C2=CC=C(S2)Cl)/N,Inactive,3.03,0,O=S(=O)(/N=C/c1ccccc1)c1cccs1
4259976.0,CC(C)CN(CC(C)C)C(=O)CS(=O)(=O)CC1=CC=CC=C1,Inactive,5.91,0,c1ccccc1
847490.0,C1CN(CCN1C(=O)COC2=CC=CC=C2)S(=O)(=O)CC3=CC=CC=C3,Inactive,0.25,0,O=C(COc1ccccc1)N1CCN(S(=O)(=O)Cc2ccccc2)CC1
14730576.0,CN1C(=O)N(C2(C1(NN3C(=O)/C(=C\C4=CC=CC=C4)/SC3=N2)C5=CC=CC=C5)C6=CC=CC=C6)C,Inactive,2.62,0,O=C1NC2(c3ccccc3)N=c3s/c(=C/c4ccccc4)c(=O)n3NC2(c2ccccc2)N1
22407417.0,CN1C(=C(C(=O)N(C1=O)C)C(=O)C2=CC=C(C=C2)C#N)N,Inactive,-14.09,0,O=C(c1ccccc1)c1c[nH]c(=O)[nH]c1=O
7964557.0,CCOC(=O)N1CCN(CC1)C(=O)CS(=O)CC2=C(OC(=N2)C3=CC=C(C=C3)C)C,Inactive,2.68,0,O=C(CS(=O)Cc1coc(-c2ccccc2)n1)N1CCNCC1
22400801.0,C1=CC=C(C=C1)/C=C/2\N=C(C(=O)O2)C3=CC=CC=C3,Inactive,-6.95,0,O=C1O/C(=C/c2ccccc2)N=C1c1ccccc1
24804383.0,CC1=CC=CC=C1NC(=O)NC2(CCCCC2)C(=O)N3CCCC3,Inactive,-9.64,0,O=C(Nc1ccccc1)NC1(C(=O)N2CCCC2)CCCCC1
24811613.0,CCOCCCN1C(C(=O)N(CC1=O)C2CCC(CC2)C)C3=CC=C(C=C3)C,Inactive,3.04,0,O=C1CN(C2CCCCC2)C(=O)C(c2ccccc2)N1
17505213.0,C1=CC=C(C=C1)S(=O)(=O)NCC(=O)OCC(=O)C2=CC=C(C=C2)[N+](=O)[O-],Inactive,-4.31,0,O=C(CNS(=O)(=O)c1ccccc1)OCC(=O)c1ccccc1
24797645.0,CC(CCC1=CC=CC=C1)NC(=S)NC2=CC=C(C=C2)C(=O)C,Inactive,34.78,0,S=C(NCCCc1ccccc1)Nc1ccccc1
14729690.0,CCCCN1C2=C(C3=NC4=CC=CC=C4N=C31)C(=O)N(C=N2)C5=CC=CC=C5,Inactive,28.01,0,O=c1c2c(ncn1-c1ccccc1)[nH]c1nc3ccccc3nc12
853415.0,CN1C2=C(C(=O)N(C1=O)C)N(C(=N2)SCC(=O)NCC3=CC4=C(C=C3)OCO4)CC5=CC=CC=C5,Inactive,-7.46,0,O=C(CSc1nc2[nH]c(=O)[nH]c(=O)c2n1Cc1ccccc1)NCc1ccc2c(c1)OCO2
851816.0,C1CCC(CC1)N2C(=NN=C2SCC(=O)NC3=CC=CC=C3)C4=CC=NC=C4,Inactive,9.26,0,O=C(CSc1nnc(-c2ccncc2)n1C1CCCCC1)Nc1ccccc1
24786145.0,COC1=CC2=C(C=C1)C=C(C=C2)C3=C(C=NN3)CN4C[C@@H]5CCC[C@H]4C5,Inactive,3.51,0,c1ccc2cc(-c3[nH]ncc3CN3C[C@@H]4CCC[C@H]3C4)ccc2c1
855764.0,CC1=C(C=NO1)C(=O)NC2=CC=C(C=C2)C(F)(F)F,Inactive,8.19,0,O=C(Nc1ccccc1)c1cnoc1
7977708.0,C1CC(OC1)CNC(=O)C2=C(N(C(=S)S2)C3=CC=CC=C3)N,Inactive,-13.55,0,O=C(NCC1CCCO1)c1cn(-c2ccccc2)c(=S)s1
17402097.0,CCN(CC)CCNC(=O)C1=CC=C(C=C1)NC2=NC3CS(=O)(=O)CC3S2,Inactive,9.19,0,O=S1(=O)CC2N=C(Nc3ccccc3)SC2C1
17517140.0,CC1=CC=C(C=C1)S(=O)(=O)NCC(=O)OCC(=O)N(CC2=CC=CC=C2)C(C)(C)C,Inactive,3.15,0,O=C(COC(=O)CNS(=O)(=O)c1ccccc1)NCc1ccccc1
22415124.0,COC1=CC2=C(C=C1/C=C/3\C(=O)N(C(=O)N3)C4=CC=CC=C4)OCO2,Inactive,-5.94,0,O=C1N/C(=C/c2ccc3c(c2)OCO3)C(=O)N1c1ccccc1
17432262.0,C1CCN(CC1)C2=C(C=C(C=C2)C(=O)NC3=NC4=CC=CC=C4S3)[N+](=O)[O-],Inactive,23.64,0,O=C(Nc1nc2ccccc2s1)c1ccc(N2CCCCC2)cc1
7977177.0,CC1=CC=C(C=C1)C(=O)CSC2=NC(=C(C3(C2C(=O)N)CCCCC3)C#N)N,Inactive,7.34,0,O=C(CSC1=NC=CC2(CCCCC2)C1)c1ccccc1
866088.0,CC1=CC2=C(C=C1)C=C(C(=O)N2)CN(CC3CCCO3)C(=O)C(C)C,Inactive,-13.65,0,O=c1[nH]c2ccccc2cc1CNCC1CCCO1
4259145.0,CC(=O)NC1=CN(N=C1)CC2=CC=C(C=C2)Br,Inactive,-4.31,0,c1ccc(Cn2cccn2)cc1
22401325.0,COC(=O)C1=C(C2=C(N1)C=CC(=C2)Cl)NC(=O)C3=CC=CC=C3[N+](=O)[O-],Inactive,-12.5,0,O=C(Nc1c[nH]c2ccccc12)c1ccccc1
24834543.0,CC1=CC(=CC=C1)CSCC(=O)NCC2=CC=C(C=C2)S(=O)(=O)N,Inactive,-8.44,0,O=C(CSCc1ccccc1)NCc1ccccc1
24806836.0,C1CN(CCC1NC(=O)C2=CC=C(C=C2)[N+](=O)[O-])CC(=O)N(C3=CC=CC=C3)C4=CC=CC=C4,Inactive,-11.34,0,O=C(NC1CCN(CC(=O)N(c2ccccc2)c2ccccc2)CC1)c1ccccc1
24789101.0,CC(=O)C1=CC(=CC=C1)NC2=NC(=CS2)C3=CC=CC=C3.Br,Inactive,17.01,0,c1ccc(Nc2nc(-c3ccccc3)cs2)cc1
22408346.0,CN(C)C1=CC=C(C=C1)C(CNC(=O)C2=CC=CC=C2F)C3=CNC4=CC=CC=C43,Inactive,5.29,0,O=C(NCC(c1ccccc1)c1c[nH]c2ccccc12)c1ccccc1
4240870.0,CCOC(=O)CSC1=NC2=CC=CC=C2C(=O)N1NC(=O)C3=CC=CC=C3,Inactive,-4.93,0,O=C(Nn1cnc2ccccc2c1=O)c1ccccc1
4244822.0,CCOC(=O)CC(=O)CSC1=NC2=C(C(=O)N1)SC(=S)N2C3=CC=CC=C3,Inactive,-9.25,0,O=c1[nH]cnc2c1sc(=S)n2-c1ccccc1
24822082.0,CCOC(=O)C1C(CN(C1=O)O)C2=CC(=CC=C2)OC3=CC=CC=C3,Inactive,-36.54,0,O=C1CC(c2cccc(Oc3ccccc3)c2)CN1
24830188.0,CN(CC1=CC(=O)N2C=CSC2=N1)CC(=O)NC3=CC(=C(C=C3)Cl)C(F)(F)F,Inactive,-8.09,0,O=C(CNCc1cc(=O)n2ccsc2n1)Nc1ccccc1
4248734.0,C1COCCN1C(CNC(=O)C2=CC=CS2)C3=CN=CC=C3,Inactive,34.21,0,O=C(NCC(c1cccnc1)N1CCOCC1)c1cccs1
17506624.0,CC1=CC=C(C=C1)OCCN2C(=O)/C(=C/C3=CC=C(O3)C)/SC2=O,Inactive,-1.43,0,O=C1S/C(=C\c2ccco2)C(=O)N1CCOc1ccccc1
4241420.0,CCCCNC(=O)CC1C(=O)N2C(=N1)C3=CC=CC=C3N=C2SCC(=O)NC4=CC=CC=C4OC,Inactive,5.56,0,O=C(CSC1=Nc2ccccc2C2=NCC(=O)N12)Nc1ccccc1
4240778.0,CC1=C(C(=NO1)C)S(=O)(=O)N(CC(=O)N2CCC3=CC=CC=C32)C4=CC=C(C=C4)OC,Inactive,7.59,0,O=C(CN(c1ccccc1)S(=O)(=O)c1cnoc1)N1CCc2ccccc21
4252078.0,CN1C(=O)C2=C(NC(=O)C=C2O)N(C1=O)C3=CC=CC=C3,Inactive,-2.16,0,O=c1ccc2c(=O)[nH]c(=O)n(-c3ccccc3)c2[nH]1
17401930.0,CC1=CC2=C(C(=C1)[N+](=O)[O-])NC(=C2C3=CC=CC=C3)C(=O)N/N=C/C4=CC=CC=C4C(=O)O,Inactive,14.4,0,O=C(N/N=C/c1ccccc1)c1[nH]c2ccccc2c1-c1ccccc1
14742940.0,CC(=O)N1CCN(CC1)CC2=NC3=C(N2C)C=CC(=C3)NC(=O)C4=CC=C(C=C4)Cl,Inactive,-0.23,0,O=C(Nc1ccc2[nH]c(CN3CCNCC3)nc2c1)c1ccccc1
14724723.0,CC(=O)N1CCN(CC1)CCN=CC2=C(CC(CC2=O)C3=CC=C(C=C3)OC)O,Inactive,3.37,0,O=C1CC(c2ccccc2)CC=C1C=NCCN1CCNCC1
4249322.0,CC1=CC=C(C=C1)CN2C=CC(=N2)NC(=O)C3=NOC4=C3CC(CC4)C(C)(C)C,Inactive,21.62,0,O=C(Nc1ccn(Cc2ccccc2)n1)c1noc2c1CCCC2
858485.0,CCN1C2=CC=CC=C2N(C1=N)CCOC3=CC=C(C=C3)OC,Inactive,5.48,0,N=c1[nH]c2ccccc2n1CCOc1ccccc1
4256126.0,CC(C)C12CN3CC(C1=O)(CN(C2)C3C4=CC5=C(C=C4)OCO5)C(C)C,Inactive,25.78,0,O=C1C2CN3CC1CN(C2)C3c1ccc2c(c1)OCO2
24780762.0,CC1=NN(C=C1)C(=O)C2=CC=C(C=C2)NC(=O)C3CC3,Inactive,-13.58,0,O=C(Nc1ccc(C(=O)n2cccn2)cc1)C1CC1
4255562.0,CCOC(=O)N1CCN(CC1)C(=O)C2=C(C=CC(=C2)N3C=NN=C3)Cl,Inactive,19.13,0,O=C(c1cccc(-n2cnnc2)c1)N1CCNCC1
22409648.0,C1=CC(=CC=C1NC(=S)N/N=C/C2=CC(=C(C=C2)F)F)Cl,Inactive,24.24,0,S=C(N/N=C/c1ccccc1)Nc1ccccc1
7973264.0,C1=CC=C(C(=C1)C(=O)NC2=NN=CS2)Br,Inactive,-12.3,0,O=C(Nc1nncs1)c1ccccc1
17506292.0,CC1=CC=CC=C1CNC2=C(C=CC(=C2)C3=CC=CC=C3)OC,Inactive,-5.04,0,c1ccc(CNc2cccc(-c3ccccc3)c2)cc1
845400.0,C1=CC(=NC(=C1)C2=CC=C(C=C2)O)C3=CC=C(C=C3)O,Inactive,1.76,0,c1ccc(-c2cccc(-c3ccccc3)n2)cc1
859569.0,CN(C)CCOC(=O)COC1=CC=C(C=C1)OC.Cl,Inactive,-11.56,0,c1ccccc1
24827078.0,CC1=CC=C(C=C1)C2=NC3=CC=CC=C3C(=C2)C4=NNC(=S)N4CC=C,Inactive,32.58,0,S=c1[nH]nc(-c2cc(-c3ccccc3)nc3ccccc23)[nH]1
24797893.0,C1CC(OC1)CNC(=S)NC2=CC=C(C=C2)NC3=CC=CC=C3,Inactive,11.92,0,S=C(NCC1CCCO1)Nc1ccc(Nc2ccccc2)cc1
24786238.0,CN1C(=O)C(=C(NC1=O)NC2=CC=CC=C2)[N+](=O)[O-],Inactive,-13.3,0,O=c1cc(Nc2ccccc2)[nH]c(=O)[nH]1
14732385.0,C1CC(CN(C1)CC2=C3C=CC=CC3=CC4=CC=CC=C42)O,Inactive,10.84,0,c1ccc2c(CN3CCCCC3)c3ccccc3cc2c1
22412627.0,CC1=CN=C(C=C1)NC(=O)CCCCCN2C(=O)C3=CC=CC=C3C2=O,Inactive,9.74,0,O=C(CCCCCN1C(=O)c2ccccc2C1=O)Nc1ccccn1
4246458.0,C1CC(=O)N(C1)CCCNC(=O)CCCN2C(=O)C3=C(C=C(C=C3)Cl)NC2=O,Inactive,-3.22,0,O=C(CCCn1c(=O)[nH]c2ccccc2c1=O)NCCCN1CCCC1=O
852538.0,CC1CC2=CC=CC=C2N1C(=O)CSC3=NN=C(N3C)CSC4=NC=CC=N4,Inactive,-1.73,0,O=C(CSc1nnc(CSc2ncccn2)[nH]1)N1CCc2ccccc21
859590.0,CC(C)COC(=O)CN1C=NC2=C(C1=O)C=C(C=C2)Br,Inactive,-2.1,0,O=c1[nH]cnc2ccccc12
865535.0,COC1=C(C=C2CN(CCC2=C1)C(=O)C3=CC=CS3)OC,Inactive,29.76,0,O=C(c1cccs1)N1CCc2ccccc2C1
3717891.0,C1CN(CCC1C(=O)OCN2C(=O)C3=CC=CC=C3N=N2)S(=O)(=O)C4=CC=CS4,Inactive,-24.45,0,O=C(OCn1nnc2ccccc2c1=O)C1CCN(S(=O)(=O)c2cccs2)CC1
7973508.0,CC1=C(C(=NN1C(=O)C(C)N2C(=O)C3=CC=CC=C3C2=O)C)Br,Inactive,-4.98,0,O=C1c2ccccc2C(=O)N1CC(=O)n1cccn1
14726935.0,CC(=O)N(CCCN1CCOCC1)CC2=CC=NC=C2.Cl,Inactive,-15.62,0,c1cc(CNCCCN2CCOCC2)ccn1
845774.0,CCC(C)(C)N1C(=NN=N1)C(C2=CC=NC=C2)N3CCN(CC3)C4=CC(=CC=C4)OC,Inactive,1.03,0,c1ccc(N2CCN(C(c3ccncc3)c3nnn[nH]3)CC2)cc1
17411930.0,C/C(=N\NC(=O)CC1=CC=CC=C1)/C2=CC=CS2,Inactive,-15.87,0,O=C(Cc1ccccc1)N/N=C/c1cccs1
17505566.0,CC1=CC(=C(N1C2=CC=C(C=C2)O)C)/C=C\3/C(=O)NN(C3=O)C4=CC=CC=C4,Inactive,-0.27,0,O=C1NN(c2ccccc2)C(=O)/C1=C\c1ccn(-c2ccccc2)c1
14744536.0,CCSC1=NC2(CCCCC2)[NH2+]C3=C1C4=C(S3)CCCC4.[I-],Inactive,19.8,0,C1=NC2(CCCCC2)[NH2+]c2sc3c(c21)CCCC3
4255578.0,CS(=O)(=O)N(CC(=O)N1CCOCC1)C2=CC=C3CCC4=C3C2=CC=C4,Inactive,2.76,0,O=C(CNc1ccc2c3c(cccc13)CC2)N1CCOCC1
4242744.0,C1COCCN1CCN=CC2=CNC(=O)C(=C2NC3=CC=CC=C3)C#N,Inactive,37.73,0,O=c1cc(Nc2ccccc2)c(C=NCCN2CCOCC2)c[nH]1
24800507.0,C1CC(CN(C1)C2CCN(CC2)CC3=NC(=NO3)CC4=CC(=CC=C4)C(F)(F)F)CO,Inactive,-7.03,0,c1ccc(Cc2noc(CN3CCC(N4CCCCC4)CC3)n2)cc1
24791545.0,C1C(S/C(=N\NC(=O)C2=CC=CC=C2Cl)/NC1=O)C(=O)NC3=CC=CC=C3,Inactive,3.29,0,O=C1CC(C(=O)Nc2ccccc2)S/C(=N\NC(=O)c2ccccc2)N1
4259439.0,COC1=CC2=C(C=C1)OC(=O)C(=C2)C(=O)N3CCN(CC3)C4=CC=CC=C4F,Inactive,-6.91,0,O=C(c1cc2ccccc2oc1=O)N1CCN(c2ccccc2)CC1
24822172.0,CS(=O)C1=CC=CC=C1O,Inactive,-15.55,0,c1ccccc1
845371.0,C1CCC(CC1)NC(=O)C2CCN(CC2)C3=NN=NN3C4=CC=CC=C4,Inactive,14.98,0,O=C(NC1CCCCC1)C1CCN(c2nnnn2-c2ccccc2)CC1
17507484.0,CC(C)C1=CC=C(C=C1)C2N(N=C(S2)NC(=O)C)C(=O)C,Inactive,6.41,0,C1=NNC(c2ccccc2)S1
24810894.0,CCCC1\2CN3CCN(C1)CC(C3)/C2=N\NC(=O)C4=CC=CC=C4Cl,Inactive,-3.09,0,O=C(NN=C1C2CN3CCN(C2)CC1C3)c1ccccc1
7976566.0,CC1=CC(=NC(=N1)SCC2=CSC(=N2)N)C,Inactive,2.63,0,c1cnc(SCc2cscn2)nc1
24811756.0,CCOC(=O)CNC(=S)N(CC1=CC=CC=C1F)C2CCCCC2,Inactive,-1.93,0,c1ccc(CNC2CCCCC2)cc1
22403642.0,COC1=CC=C(C=C1)CCNC(=O)CC2C(=O)NC(=NCCC3=CC=CC=C3)S2,Inactive,-15.65,0,O=C(CC1SC(=NCCc2ccccc2)NC1=O)NCCc1ccccc1
24816464.0,CCCC1=CC(=C(C=C1OC)O)C2=NC(=NC=C2C3=CSC(=N3)C)N,Inactive,26.11,0,c1ccc(-c2ncncc2-c2cscn2)cc1
24796690.0,CCC(C)(C)NC(=O)C(C1=CC=CC=N1)N(C2=CC=CC=C2)C(=O)C3=CSN=N3,Inactive,-20.21,0,O=C(c1csnn1)N(Cc1ccccn1)c1ccccc1
24801899.0,C1=CC=C(C=C1)/C(=N\S(=O)(=O)C2=CC=CC=C2)/NNS(=O)(=O)C3=CC=CC=C3,Inactive,-11.88,0,O=S(=O)(/N=C(/NNS(=O)(=O)c1ccccc1)c1ccccc1)c1ccccc1
24806700.0,CC1=CC=C(C=C1)NC(=O)C2=NC=NN2,Inactive,-3.65,0,O=C(Nc1ccccc1)c1ncn[nH]1
848325.0,CCN1C(=NN=C1SCC(=O)CC(=O)NC2=CC=CC=C2OC)COC3=CC=CC=C3C,Inactive,0.23,0,O=C(CSc1nnc(COc2ccccc2)[nH]1)CC(=O)Nc1ccccc1
14740612.0,CN(C)CCCN1C(SCC1=O)C2=CC=C(C=C2)OC.Cl,Inactive,-1.35,0,O=C1CSC(c2ccccc2)N1
24833988.0,CC[C@@H](C)C(C1=CN(N=N1)[C@@H](CCC(=O)O)C(=O)N2CCN(CC2)C3=NC(=NC(=N3)NCCOCCOCCOCC#C)N4CCN(CC4)C(=O)[C@H](CC5=CC=C(C=C5)O)N6C=C(N=N6)C(CC(C)C)N)N.Cl,Inactive,-10.57,0,O=C(Cn1ccnn1)N1CCN(c2ncnc(N3CCN(C(=O)[C@H](Cc4ccccc4)n4ccnn4)CC3)n2)CC1
850157.0,C1CCC(C1)NC(=O)C(C2=CC=C(C=C2)N3CCOCC3)N(CC4=CC=CC=C4)C(=O)C5=CC=CO5,Inactive,-8.82,0,O=C(NC1CCCC1)C(c1ccc(N2CCOCC2)cc1)N(Cc1ccccc1)C(=O)c1ccco1
7977517.0,CCCCC(CC)C(=O)NCCC1=CC=C(C=C1)S(=O)(=O)N,Inactive,11.59,0,c1ccccc1
17410362.0,C1=CC=C(C=C1)SC2=NC3=CC=CC=C3N4C2=NN=C4C(F)(F)F,Inactive,-24.57,0,c1ccc(Sc2nc3ccccc3n3cnnc23)cc1
14720711.0,CC1=CC=C(C=C1)S(=O)(=O)NC(=O)NCC2=CC=CC=C2,Inactive,-3.67,0,O=C(NCc1ccccc1)NS(=O)(=O)c1ccccc1
7974487.0,CCOC1=CC=C(C=C1)/C=N/N2C=NN=C2,Inactive,26.16,0,C(=N/n1cnnc1)\c1ccccc1
14734746.0,CC1CCN(CC1)C(=O)CN(C2=CC=C(C=C2)OC3=CC=CC=C3)S(=O)(=O)C,Inactive,-0.44,0,O=C(CNc1ccc(Oc2ccccc2)cc1)N1CCCCC1
3712850.0,CC1=CC=C(C=C1)NS(=O)(=O)C2=CC=CC(=C2)C(=O)N3CCN(CC3)C(=O)C,Inactive,-4.71,0,O=C(c1cccc(S(=O)(=O)Nc2ccccc2)c1)N1CCNCC1
24818729.0,COC1=CC=C(C=C1)C(=O)NNC(=O)CN2N=C(N=N2)C3=CC(=C(C=C3)OC)OC,Inactive,-3.92,0,O=C(Cn1nnc(-c2ccccc2)n1)NNC(=O)c1ccccc1
4256988.0,CCOCCC1=NN=C(S1)NC(=O)C2=CC=CS2,Inactive,2.66,0,O=C(Nc1nncs1)c1cccs1
24799325.0,COC1=C(C=C(C=C1)C(=O)C2CCCN(C2)CC3=C4C(=CC=C3)OCO4)OC,Inactive,3.97,0,O=C(c1ccccc1)C1CCCN(Cc2cccc3c2OCO3)C1
14734774.0,CC1=CC=CC=C1NC(=O)CC2=NN=C(N2C)SCC(=O)C3=CC=C(C=C3)Br,Inactive,1.45,0,O=C(Cc1nnc(SCC(=O)c2ccccc2)[nH]1)Nc1ccccc1
17510583.0,CC1CCN(CC1)C(=S)NC2=C(C=CC(=C2)C(=O)OC)C(=O)OC,Inactive,5.98,0,S=C(Nc1ccccc1)N1CCCCC1
24805065.0,COC1=C(C=C(C=C1)Br)CN2CCN(CC2)C(=O)C3=CC(=C(C=C3)OC)OC.C(=O)(C(=O)O)O,Inactive,-3.02,0,O=C(c1ccccc1)N1CCN(Cc2ccccc2)CC1
14744961.0,CC1=CC(=CC(=C1)NC(=O)CN2C(=O)C(NC2=O)(C)C3=CC=CC=C3)C,Inactive,-4.01,0,O=C(CN1C(=O)NC(c2ccccc2)C1=O)Nc1ccccc1
14727091.0,CC1=CC(=C(N1CC2CCCO2)C)C=O,Inactive,16.98,0,c1ccn(CC2CCCO2)c1
4255284.0,C1COCCN1C2=C(N=C(O2)COC3=CC=CC=C3)C#N,Inactive,-8.03,0,c1ccc(OCc2ncc(N3CCOCC3)o2)cc1
24814128.0,CC1=CC(=NC2=C1C=C(C=C2)NC(=S)N3CCN(CC3)C4=CC=CC=C4OC)N5CCOCC5,Inactive,34.63,0,S=C(Nc1ccc2nc(N3CCOCC3)ccc2c1)N1CCN(c2ccccc2)CC1
4249204.0,CN1C2=C(C(=O)NC1=O)N(C(=N2)CN3CCN(CC3)C4=CC=CC=C4F)CCCC5=CC=CC=C5,Inactive,22.1,0,O=c1[nH]c(=O)c2c(nc(CN3CCN(c4ccccc4)CC3)n2CCCc2ccccc2)[nH]1
14721146.0,CC1=CC2=NC(=C(N2C=C1)NC3CCCCC3)C(C)C,Inactive,23.39,0,c1ccn2c(NC3CCCCC3)cnc2c1
17509194.0,CC1=CN(C(=O)NC1=O)C(C(Cl)(Cl)Cl)NC(=O)C2=CC=CC=C2,Inactive,-6.65,0,O=C(NCn1ccc(=O)[nH]c1=O)c1ccccc1
7976620.0,CC(=O)N1CCN(CC1)CC2=CC=C(S2)Br,Inactive,-1.22,0,c1csc(CN2CCNCC2)c1
24780519.0,CN(CC1=CC=CC=C1)C(C(Cl)(Cl)Cl)NC(=O)C2=CC=CO2,Inactive,14.26,0,O=C(NCNCc1ccccc1)c1ccco1
24779288.0,CCN1C(=NN=C1SCC(=O)NC2=CC3=C(C=C2)OCCO3)C4=CNC5=CC=CC=C54,Inactive,-15.3,0,O=C(CSc1nnc(-c2c[nH]c3ccccc23)[nH]1)Nc1ccc2c(c1)OCCO2
17503806.0,CN1C=CC=C1CC(=O)N/N=C/C=C/C2=CC=CC=C2,Inactive,-6.84,0,O=C(Cc1ccc[nH]1)N/N=C/C=C/c1ccccc1
14745915.0,CCOC(=O)C1=C(C=C(S1)C2=CC=C(C=C2)Br)N,Inactive,5.96,0,c1ccc(-c2cccs2)cc1
24817062.0,CC1=CC=C(C=C1)OC2=C(C=CC=N2)COC(=O)NC3=CC=CC=C3C,Inactive,-7.47,0,O=C(Nc1ccccc1)OCc1cccnc1Oc1ccccc1
4241117.0,CN1CCN(CC1)S(=O)(=O)C2=CC3=C(C=C2)NC=C(C3=O)C(=O)O,Inactive,7.31,0,O=c1cc[nH]c2ccc(S(=O)(=O)N3CCNCC3)cc12
24801992.0,CC1=CC=C(C=C1)S(=O)(=O)N2CCC(CC2)C(=O)NNC(=O)C3=CC=C(C=C3)OC,Inactive,-10.91,0,O=C(NNC(=O)C1CCN(S(=O)(=O)c2ccccc2)CC1)c1ccccc1
24821255.0,COC1=CC=CC(=C1)CN2C(=O)C=CC3=CC=CC=C32,Inactive,-12.37,0,O=c1ccc2ccccc2n1Cc1ccccc1
4260324.0,CC1=CC=C(C=C1)SC(C)C2=NC(=NO2)C3=CN=CC=C3,Inactive,0.08,0,c1ccc(SCc2nc(-c3cccnc3)no2)cc1
14726611.0,CCCC1(C2C(C(N1)C3=CC=C(C=C3)N(C)C)C(=O)N(C2=O)C4=CC5=C(C=C4)OCCO5)C(=O)OCC,Inactive,-3.76,0,O=C1C2CNC(c3ccccc3)C2C(=O)N1c1ccc2c(c1)OCCO2
4244525.0,CCOCCCNC(=O)C1=CC=C(O1)CS(=O)(=O)CC2=CC=C(C=C2)C,Inactive,-6.25,0,O=S(=O)(Cc1ccccc1)Cc1ccco1
14733342.0,CCC1=NC2=C(C=NN2C3=CC=C(C=C3)F)C(=O)N1C4=CC=C(C=C4)N5CCC(CC5)C,Inactive,34.47,0,O=c1c2cnn(-c3ccccc3)c2ncn1-c1ccc(N2CCCCC2)cc1
7974344.0,CC1=C(C(=CC=C1)N=C2NC(=O)/C(=C/3\C4=CC=CC=C4N(C3=O)C)/S2)C,Inactive,16.88,0,O=C1NC(=Nc2ccccc2)S/C1=C1\C(=O)Nc2ccccc21
14740815.0,CC1CC2=NC(=NC=C2C(=O)C1)N,Inactive,49.51,0,O=C1CCCc2ncncc21
3714109.0,C1COC(=O)C1OC(=O)C2=NC3=CC=CC=C3C=C2,Inactive,-4.71,0,O=C(OC1CCOC1=O)c1ccc2ccccc2n1
24804503.0,C1=CSC(=C1)CCNC(=O)C2=CC(=C(C=C2)Cl)Cl,Inactive,34.75,0,O=C(NCCc1cccs1)c1ccccc1
856642.0,CCOC(=O)[C@H]1CCC[C@H](C1)NS(=O)(=O)C2=CC=C(C=C2)NC(=O)C,Inactive,-12.81,0,O=S(=O)(NC1CCCCC1)c1ccccc1
24818234.0,CC(C)C1=CC=C(C=C1)/C=C/C2=NNC(=O)CC2,Inactive,13.21,0,O=C1CCC(/C=C/c2ccccc2)=NN1
24784042.0,COC1=CC=CC=C1CCNC(=O)C2=CC(=NC3=C2C=C(C=C3)Br)C4=CC=NC=C4,Inactive,-8.38,0,O=C(NCCc1ccccc1)c1cc(-c2ccncc2)nc2ccccc12
17402290.0,CSC1=C(C=C(C=C1)C#N)NC(=O)C2=C(C=C(C=C2)Cl)Cl,Inactive,15.15,0,O=C(Nc1ccccc1)c1ccccc1
14741271.0,CC1(CC2=C(CS1)SC3=C2C(=O)N(C(=N3)SCC(=O)NCC4=CC=CC=C4)C5=CC=CC=C5)C,Inactive,15.01,0,O=C(CSc1nc2sc3c(c2c(=O)n1-c1ccccc1)CCSC3)NCc1ccccc1
14744395.0,CN1CCC(CC1)N(C)C(=O)CCC2=NC3=CC=CC=C3C(=O)N2,Inactive,24.88,0,O=C(CCc1nc2ccccc2c(=O)[nH]1)NC1CCNCC1
17504081.0,C1CN(CCN1C(=O)CC2=CC=CS2)S(=O)(=O)C3=CC=C(C=C3)F,Inactive,8.76,0,O=C(Cc1cccs1)N1CCN(S(=O)(=O)c2ccccc2)CC1
7976651.0,CC1=CC(=C(C=C1)C)C(=O)COC(=O)C2=CC=C(O2)Br,Inactive,6.33,0,O=C(COC(=O)c1ccco1)c1ccccc1
3711176.0,CCN1C2=CC=CC=C2C3=C1N=C(N=N3)SCC(=O)NCCOC,Inactive,1.37,0,c1ccc2c(c1)[nH]c1ncnnc12
3713760.0,CCCN1C2=CC=CC=C2N=C1NC(=O)C3=CC(=C(C=C3)Cl)S(=O)(=O)N4CCCC4,Inactive,28.92,0,O=C(Nc1nc2ccccc2[nH]1)c1cccc(S(=O)(=O)N2CCCC2)c1
14730568.0,CCCC1=C/C(=C/C2=CC=C(O2)C3=CC=CC=C3OC)/C(=O)O1,Inactive,-5.54,0,O=C1OC=C/C1=C/c1ccc(-c2ccccc2)o1
864706.0,CCCC1=NC2=C(C3=C1COC(C3)(C)C)C4=C(O2)C(=NC=N4)NCC5=CC=CC=N5,Inactive,4.83,0,c1ccc(CNc2ncnc3c2oc2ncc4c(c23)CCOC4)nc1
3714397.0,C1CN(CCN1C2=NC=C(C=C2)S(=O)(=O)N3CCOCC3)S(=O)(=O)C4=CC=CC=C4C#N,Inactive,-22.63,0,O=S(=O)(c1ccc(N2CCN(S(=O)(=O)c3ccccc3)CC2)nc1)N1CCOCC1
24802315.0,CC1=NC(=CC=C1)NC(=O)C2CC(=O)N(C2)C3=CC=C(C=C3)OC,Inactive,-3.22,0,O=C(Nc1ccccn1)C1CC(=O)N(c2ccccc2)C1
24841677.0,C1[C@@H](C=C(O[C@@H]1OCC2=CC=C(C=C2)CO)C(=O)NCC3=CC=CC=C3)C4=COC5=CC=CC=C5C4=O,Inactive,1.56,0,O=C(NCc1ccccc1)C1=C[C@@H](c2coc3ccccc3c2=O)C[C@@H](OCc2ccccc2)O1
24810803.0,CC1=CC(=NN1CCCC(=O)NC2=C(N=CC=C2)Cl)[N+](=O)[O-],Inactive,-5.91,0,O=C(CCCn1cccn1)Nc1cccnc1
14729612.0,CC1=C(C=CC=C1Br)NC(=O)C2=C(C=CS2)N3C=CC=C3,Inactive,-4.03,0,O=C(Nc1ccccc1)c1sccc1-n1cccc1
24782629.0,CC(C)(C)C1=CC=C(C=C1)NC(=O)NC2=CC=C(C=C2)F,Inactive,-11.57,0,O=C(Nc1ccccc1)Nc1ccccc1
14726932.0,CC1CCN(CC1)C(=O)C2=CC(=C(C=C2Cl)F)F,Inactive,-19.18,0,O=C(c1ccccc1)N1CCCCC1
865377.0,CCOC(=O)C(C(F)(F)F)(NC1=NOC(=C1)C)NC(=O)CC(C)C,Inactive,8.38,0,c1cnoc1
24828091.0,CC1=CC=C(C=C1)NC(=O)NC2=NN=C(O2)C3=CC=CC=C3,Inactive,2.98,0,O=C(Nc1ccccc1)Nc1nnc(-c2ccccc2)o1
22408298.0,CCOC(=O)C1=C(SC(=C1C)C(=O)OCC)NC(=O)COC(=O)CNC(=O)C2=CC=CO2,Inactive,8.09,0,O=C(COC(=O)CNC(=O)c1ccco1)Nc1cccs1
22404155.0,CC1=C(C(=O)OC2=C1C(=CC(=C2)OCC(=O)OC)OCC(=O)OC)Cl,Inactive,-9.24,0,O=c1ccc2ccccc2o1
17416019.0,CC1=CC=C(C=C1)SCCNC(=O)/C=C/C2=CC=CC=C2Cl,Inactive,2.16,0,O=C(/C=C/c1ccccc1)NCCSc1ccccc1
24811602.0,CC1=C(SN=N1)C(=O)N/N=C/C2=CC(=CC=C2)C(F)(F)F,Inactive,36.24,0,O=C(N/N=C/c1ccccc1)c1cnns1
24825770.0,CC1=CC(=C(C=C1NC(=O)COC(=O)C2=NC=C(N=C2)C)OC)[N+](=O)[O-],Inactive,-11.16,0,O=C(COC(=O)c1cnccn1)Nc1ccccc1
22416079.0,CCOC(=O)N1CCN(CC1)C(=S)NC2CCCCC2,Inactive,-10.34,0,S=C(NC1CCCCC1)N1CCNCC1
850080.0,CCC(C)NC1=NC2=C(N1CCC(C)C)C(=O)NC(=O)N2C,Inactive,12.39,0,O=c1[nH]c(=O)c2[nH]cnc2[nH]1
24799975.0,CCOC(=O)C1(CCN(CC1)C(=O)CCCN2C=NC=N2)CCCC3=CC=CC=C3,Inactive,-19.62,0,O=C(CCCn1cncn1)N1CCC(CCCc2ccccc2)CC1
4250124.0,C1CCC(CC1)CCC(=O)NC2=C3CS(=O)(=O)CC3=NN2C4=CC=C(C=C4)F,Inactive,13.28,0,O=C(CCC1CCCCC1)Nc1c2c(nn1-c1ccccc1)CS(=O)(=O)C2
4260587.0,CCOC(=O)C1=C(C(=C(S1)NC(=O)CSC2=NC=NN2)C#N)C,Inactive,-15.99,0,O=C(CSc1ncn[nH]1)Nc1cccs1
17508115.0,CC1=C2C(=CC=C1)C=C(C(=O)N2)CN(CC3=CC=CS3)S(=O)(=O)C4=CC5=C(C=C4)OCCO5,Inactive,6.5,0,O=c1[nH]c2ccccc2cc1CN(Cc1cccs1)S(=O)(=O)c1ccc2c(c1)OCCO2
14720552.0,CCOC(=O)CCC(=O)NC1=CC=C(C=C1)S(=O)(=O)N2CCC(CC2)C,Inactive,-12.56,0,O=S(=O)(c1ccccc1)N1CCCCC1
14739023.0,C1C(OC2=CC=CC=C2O1)C(=O)N/N=C/C3=CC=CS3,Inactive,5.58,0,O=C(N/N=C/c1cccs1)C1COc2ccccc2O1
7972581.0,C1=CC=C2C(=C1)C=CC=C2N3N=C4C=CC(=CC4=N3)N,Inactive,7.16,0,c1ccc2c(-n3nc4ccccc4n3)cccc2c1
24799134.0,C1CCCN(CC1)C(=O)C2=NOC(=C2)COC3=CC4=C(C=C3)N=CC=C4,Inactive,-0.99,0,O=C(c1cc(COc2ccc3ncccc3c2)on1)N1CCCCCC1
17409906.0,C1=CC=C(C=C1)CS(=O)CC(C2=CC=CC=C2)(C3=CC=CC=C3)O,Inactive,4.83,0,O=S(Cc1ccccc1)CC(c1ccccc1)c1ccccc1
24785112.0,CCOC(=O)C1(CCN(CC1)CC2=CC3=C(C(=C2)OC)OCO3)CCOC4=CC=CC=C4,Inactive,27.38,0,c1ccc(OCCC2CCN(Cc3ccc4c(c3)OCO4)CC2)cc1
17388288.0,CC1=CC=C(C=C1)NC(=O)CN2CCC3=CC=CC=C3C2,Inactive,13.97,0,O=C(CN1CCc2ccccc2C1)Nc1ccccc1
17514792.0,COC(=O)C1=C(SC2=C1CCCC2)NC(=O)C3CC4=CC=CC=C4C(=O)O3,Inactive,9.85,0,O=C1OC(C(=O)Nc2cc3c(s2)CCCC3)Cc2ccccc21
864299.0,CN1C(C2=C(C1=O)OC3=CC=CC=C3C2=O)C4=CC=CC=N4,Inactive,-14.86,0,O=C1NC(c2ccccn2)c2c1oc1ccccc1c2=O
22411246.0,COC1=CC(=CC(=C1OC)OC)/C=C/C(=O)NC2=CC(=C(C=C2)N3CCCCC3)S(=O)(=O)NC4=CC=CC=C4Cl,Inactive,8.78,0,O=C(/C=C/c1ccccc1)Nc1ccc(N2CCCCC2)c(S(=O)(=O)Nc2ccccc2)c1
14723441.0,CC1(CC1)C2=NC3=CC(=NN3C(=C2)C(F)(F)F)C(=O)O,Inactive,-18.07,0,c1cc2nc(C3CC3)ccn2n1
24823543.0,C1=CC=C2C(=C1)C3=CC=CC=C3NC2=O,Inactive,-3.62,0,O=c1[nH]c2ccccc2c2ccccc12
17516883.0,CC1=CC2=C(C=C1)OC(=CC2=[NH+]C3=CC=CC=C3)C4=CC=C(C=C4)OC.[O-]Cl(=O)(=O)=O,Inactive,56.45,0,c1ccc([NH+]=c2cc(-c3ccccc3)oc3ccccc23)cc1
14735025.0,C1=CC=C(C=C1)C(CCNC(=O)C2=CC=C(O2)Br)C3=CC=CC=C3,Inactive,35.41,0,O=C(NCCC(c1ccccc1)c1ccccc1)c1ccco1
22416358.0,C1=CC=C(C(=C1)CNC(=O)CC2=CC=C(C=C2)[N+](=O)[O-])Cl,Inactive,-8.06,0,O=C(Cc1ccccc1)NCc1ccccc1
14734141.0,CC1=CC=C(C=C1)NC(=S)NCC2=CC=CN2C,Inactive,-4.46,0,S=C(NCc1ccc[nH]1)Nc1ccccc1
4242233.0,CC1CC(CN(C1)C(=O)CN2C3=CC=CC=C3C(=O)N(C2=O)CCCCC(=O)NC4CCCC4)C,Inactive,2.34,0,O=C(CCCCn1c(=O)c2ccccc2n(CC(=O)N2CCCCC2)c1=O)NC1CCCC1
4242564.0,CC1CCCN(C1)C(=O)CCC(=O)NC2=CC3=C(C=C2)N=C(C=C3C)N4CCOCC4,Inactive,19.99,0,O=C(CCC(=O)N1CCCCC1)Nc1ccc2nc(N3CCOCC3)ccc2c1
14740713.0,C1CCC2=C(C1)C(=C(S2)NC(=O)CN3C(=O)C4=CC=CC=C4C3=O)C(=O)NCC5=CC=CO5,Inactive,24.68,0,O=C(CN1C(=O)c2ccccc2C1=O)Nc1sc2c(c1C(=O)NCc1ccco1)CCCC2
17509628.0,CCN(CC)CCCNC(=S)N1CCN2C(=NC3=CC=CC=C32)C1,Inactive,14.18,0,c1ccc2c(c1)nc1n2CCNC1
24797417.0,C/C(=N\NS(=O)(=O)C1=CC=CC=C1)/CC(C)(C)C2=CC=CC=C2,Inactive,-13.12,0,O=S(=O)(N/N=C/CCc1ccccc1)c1ccccc1
14720427.0,CC(C)C1=CC=C(C=C1)N(CC(=O)NC2=CC=C(C=C2)S(=O)(=O)N3CCOCC3)S(=O)(=O)C,Inactive,-2.21,0,O=C(CNc1ccccc1)Nc1ccc(S(=O)(=O)N2CCOCC2)cc1
24785225.0,C1CN(CC1C2=CC=CC=C2F)C(=O)C3=NOC(=C3)COC4=C(C=CC=C4F)F,Inactive,42.98,0,O=C(c1cc(COc2ccccc2)on1)N1CCC(c2ccccc2)C1
24781474.0,CCC1=CC=CC=C1NC(=O)C2=NOC(=C2[N+](=O)[O-])C(C)C,Inactive,6.6,0,O=C(Nc1ccccc1)c1ccon1
7973008.0,CCOC(=O)CNC(=O)CSC1=NN=C(S1)SCC(=O)NCC(=O)OCC,Inactive,-13.79,0,c1nncs1
14734799.0,C1CN=C2N(C1)C3=CC=CC=C3N2CC(C4=CC=C(C=C4)Br)O.Cl,Inactive,-6.27,0,c1ccc(CCN2C3=NCCCN3c3ccccc32)cc1
17516809.0,CCOC(=O)N1CCN(CC1)C(=O)C2=CC(=CC=C2)NS(=O)(=O)C3=CC(=C(C=C3)F)F,Inactive,8.36,0,O=C(c1cccc(NS(=O)(=O)c2ccccc2)c1)N1CCNCC1
7966357.0,COC1=CC=C(C=C1)C2CC(NC3=NC(=NN23)N)C4=CC(=C(C=C4)Cl)Cl,Inactive,14.15,0,c1ccc(C2CC(c3ccccc3)n3ncnc3N2)cc1
24803658.0,CC1=NC2=C(C=C1N)N=C(N2CC3=CC=C(C=C3)C4=CC=C(C=C4)C(=O)C)C,Inactive,-4.12,0,c1ccc(-c2ccc(Cn3cnc4cccnc43)cc2)cc1
7976269.0,CNCCOCC(CSC1=CC=CC=C1)O,Inactive,-6.73,0,c1ccccc1
24823369.0,CCCCNC(=O)CSC1=NC2=CC3=C(C=C2C(=O)N1CC4=CC=CO4)OCO3,Inactive,-24.23,0,O=c1c2cc3c(cc2ncn1Cc1ccco1)OCO3
4246727.0,CC1=CC=C(C=C1)C2=NN(C(=O)C=C2)CC(=O)NCCCN3CCCCC3,Inactive,-16.54,0,O=C(Cn1nc(-c2ccccc2)ccc1=O)NCCCN1CCCCC1
24799743.0,C1CC(CN(C1)C2=NC=CC=N2)CCC(=O)NCC3=CC=CC=C3F,Inactive,-1.05,0,O=C(CCC1CCCN(c2ncccn2)C1)NCc1ccccc1
24798734.0,CC1=C(SC=C1)C(=O)C2CCCN(C2)CC3=CC(=CC=C3)N4C=CC=N4,Inactive,12.5,0,O=C(c1cccs1)C1CCCN(Cc2cccc(-n3cccn3)c2)C1
24781871.0,CCN(CCN(C)C)C(=O)C1=C(C2=C(C=C1)C(=O)C3=CC=CC=C3C2=O)NCCO,Inactive,22.62,0,O=C1c2ccccc2C(=O)c2ccccc21
14732788.0,CCCCN(C)S(=O)(=O)C1=C(NC(=O)NC1=O)C,Inactive,19.04,0,O=c1cc[nH]c(=O)[nH]1
22405748.0,CCC1CCC2=C(C1)C=C(S2)C3=NN=C(N3CC=C)SCC(=O)NCC,Inactive,26.05,0,c1nnc(-c2cc3c(s2)CCCC3)[nH]1
17516274.0,C1=CC=C(C=C1)N2C=C(C(=N2)C3=CC=CS3)/C=N/NC(=O)C4=CC=NC=C4,Inactive,3.87,0,O=C(N/N=C/c1cn(-c2ccccc2)nc1-c1cccs1)c1ccncc1
24818554.0,C1=CC=C(C=C1)C(=O)C2=CNC(=C2)C(=O)NNC3=NC(=CC=C3)Cl,Inactive,-2.97,0,O=C(c1ccccc1)c1c[nH]c(C(=O)NNc2ccccn2)c1
17516081.0,CCOC1=CC=C(C=C1)OC2=C(C(=NN2C3=CC=CC=C3)C)/C=N/NC(=O)C,Inactive,-8.0,0,c1ccc(Oc2ccnn2-c2ccccc2)cc1
24830180.0,CC1=CC2=NN=C(N2C3=CC=CC=C13)SCC(=O)C,Inactive,44.09,0,c1ccc2c(c1)ccc1nncn12
17388072.0,CC1=C(SC(=N1)NC(=O)C2=CC3=C(S2)N(N=C3C)C4=CC=CC=C4)C(=O)NC5=CC=CC=C5,Inactive,-10.79,0,O=C(Nc1ccccc1)c1cnc(NC(=O)c2cc3cnn(-c4ccccc4)c3s2)s1
22407266.0,CCCN1C2=C(C(=CC(=N2)C3=CC=CS3)C(F)(F)F)C(=O)N(C1=O)CCC,Inactive,-9.45,0,O=c1[nH]c(=O)c2ccc(-c3cccs3)nc2[nH]1
846591.0,CC(C)CN1C2=C(CCCC2)C(=C(C1=O)C(=O)NC3=C(C=CC=N3)O)O,Inactive,-20.86,0,O=C(Nc1ccccn1)c1cc2c([nH]c1=O)CCCC2
14741967.0,CC1=NN2C(=NN=C2C3=C(C=CC(=C3)S(=O)(=O)NC)OC)C4=CC=CC=C14.Cl,Inactive,-3.43,0,c1ccc(-c2nnc3c4ccccc4cnn23)cc1
7978373.0,CCNC1=NC(=CC(=C1C#N)COC)C,Inactive,10.15,0,c1ccncc1
4249869.0,CC1=C(C(=NC2=NC=NN12)C)CCC(=O)NCC3=CC=C(C=C3)OC,Inactive,-7.29,0,O=C(CCc1cnc2ncnn2c1)NCc1ccccc1
24818402.0,C1=CC(=CC(=C1)[N+](=O)[O-])C2=CC=C(O2)C(=O)NN,Inactive,-0.45,0,c1ccc(-c2ccco2)cc1
4244334.0,C1CN(C2=CC=CC=C21)C(=O)CCN3C4=CC=CC=C4OC3=O,Inactive,-18.61,0,O=C(CCn1c(=O)oc2ccccc21)N1CCc2ccccc21
17387854.0,CCCCCCCC(=O)NN1CCOCC1,Inactive,-6.84,0,C1COCCN1
24824639.0,C1CCC(CC1)[C@@H]2C[C@@H](OC(=C2)C(=O)N3CCN(CC3)CC4=CC=CC=C4)OCCCCO,Inactive,17.07,0,O=C(C1=C[C@H](C2CCCCC2)CCO1)N1CCN(Cc2ccccc2)CC1
14735359.0,CCS(=O)(=O)N1CCCC(C1)C(=O)NCCC2=CC=CC=C2,Inactive,7.02,0,O=C(NCCc1ccccc1)C1CCCNC1
7969410.0,C1CC1C2=CC(=NO2)C(=O)NCCCN3C=CN=C3,Inactive,12.09,0,O=C(NCCCn1ccnc1)c1cc(C2CC2)on1
24781733.0,CCOC(=O)C1(CCN(CC1)C2CC3=CC=CC=C3C2)CC4=CC=CC=C4,Inactive,1.39,0,c1ccc(CC2CCN(C3Cc4ccccc4C3)CC2)cc1
17510762.0,CC1CCCC(C1C)NCC2=C(N(C(=C2C(=O)O)C)CC3=CC=CC=C3)C,Inactive,-7.69,0,c1ccc(Cn2ccc(CNC3CCCCC3)c2)cc1
24809399.0,C1CN(CCC1C(=O)O)CC2=CN=CC=C2.Cl,Inactive,8.76,0,c1cncc(CN2CCCCC2)c1
865352.0,CC1=C(C=CC2=C1NC(=O)C23[C@H]4[C@@H](C(N3)CCC(=O)N)C(=O)N(C4=O)C5=CC=C(C=C5)C(=O)C)Cl,Inactive,3.7,0,O=C1[C@@H]2[C@@H](CNC23C(=O)Nc2ccccc23)C(=O)N1c1ccccc1
22415024.0,C1C2C=CC1C(C2C(=O)NCCCC3=CC=CC=C3)C(=O)O,Inactive,-19.05,0,O=C(NCCCc1ccccc1)C1CC2C=CC1C2
3714282.0,CN(CC(=O)NC1=C(C=CS1)C#N)C2CCCCC2,Inactive,9.92,0,O=C(CNC1CCCCC1)Nc1cccs1
24813491.0,CC1=C(C=C(C=C1)NC2=NC3=NON=C3NC2=O)Cl,Active,63.69,1,O=c1[nH]c2nonc2nc1Nc1ccccc1
24821233.0,C1CN2C(CC(=O)C(C2=O)/C=N/OCC3=C(C=C(C=C3)Cl)Cl)C4=CC=CC=C41,Active,67.71,1,O=C1CC2c3ccccc3CCN2C(=O)C1/C=N/OCc1ccccc1
14739089.0,CC1=C(C=CC(=C1)C(C)(C)C)OCCN2C=CN=C2.C(=O)(C(=O)O)O,Active,71.58,1,c1ccc(OCCn2ccnc2)cc1
24824655.0,CC1=CC(=NN1C(=O)/C(=N/NC2=CC(=CC(=C2)Cl)Cl)/C#N)C,Active,85.13,1,O=C(/C=N/Nc1ccccc1)n1cccn1
17386715.0,C1=CSC(=C1)C2=NC=C(C(=N2)C(F)(F)F)C3=NN=NN3C4=CC=C(C=C4)Cl,Active,76.63,1,c1ccc(-n2nnnc2-c2cnc(-c3cccs3)nc2)cc1
14730366.0,CCCSC1=NC(=C2C3=C(CCC(C3)C)SC2=N1)N4C(=C(C=N4)C#N)N,Active,64.26,1,c1cnn(-c2ncnc3sc4c(c23)CCCC4)c1
24785745.0,C1=CC2=C(C3=C(C=CC=[N+]3CC4=CC=C(C=C4)[N+](=O)[O-])C=C2)N=C1.[Br-],Active,59.02,1,c1ccc(C[n+]2cccc3ccc4cccnc4c32)cc1
24796967.0,CC1=CC(=C(C=C1)OC)NC(=S)NC(C)C2=CC(=C(C=C2)OC)OC,Active,63.83,1,S=C(NCc1ccccc1)Nc1ccccc1
22405639.0,CSC1=CC=CC(=C1)NC(=O)/C=C/C2=CC(=CC=C2)Cl,Active,82.79,1,O=C(/C=C/c1ccccc1)Nc1ccccc1
848598.0,C1CCC(CC1)N=C2NC(=O)CS2,Active,84.2,1,O=C1CSC(=NC2CCCCC2)N1
22410039.0,CC1CSC(=N1)N(C2=C(C=C(C=C2)C)C)C(=O)C3=CC=CC=C3Cl,Active,72.28,1,O=C(c1ccccc1)N(C1=NCCS1)c1ccccc1
24805309.0,C[N+]1=C2N(C3=CC=CC=C31)N=C(CS2)C4=CC=C(C=C4)C5=CC=CC=C5.[Br-],Active,87.28,1,c1ccc(-c2ccc(C3=Nn4c([nH+]c5ccccc54)SC3)cc2)cc1
22408443.0,C1=CC=C(C=C1)C(C2=NC=CC3=CC=CC=C32)OC(=O)C4=CC(=CC=C4)[N+](=O)[O-],Active,67.45,1,O=C(OC(c1ccccc1)c1nccc2ccccc12)c1ccccc1
17414705.0,C1=CC=C2C(=C1)NC(=N2)CSCCOC3=CC=C(C=C3)Cl,Active,79.31,1,c1ccc(OCCSCc2nc3ccccc3[nH]2)cc1
24810017.0,CCCCCC(=O)NNC(=S)NC(=O)C1=CC=C(C=C1)[N+](=O)[O-],Active,61.5,1,c1ccccc1
24780478.0,C1CN(CCN1CC2=CC3=C(C=C2)OCO3)C(=S)NCC4=CC=CC=C4,Active,60.42,1,S=C(NCc1ccccc1)N1CCN(Cc2ccc3c(c2)OCO3)CC1
17513291.0,C1CN(CCN1C2=CC=CC=C2[N+](=O)[O-])C(=O)/C=C/C3=CC=C(C=C3)Cl,Active,65.39,1,O=C(/C=C/c1ccccc1)N1CCN(c2ccccc2)CC1
17504453.0,CC1=CC(=C(C2=C1C=CC(=N2)/C=C/C3=CC=CC=C3NC(=O)C)O)C,Active,77.31,1,C(=C/c1ccc2ccccc2n1)\c1ccccc1
4244705.0,CN(CC1=CC=CC=C1)S(=O)(=O)C2=CC=C(C=C2)C(=O)NC3=NN=C(O3)C4CC4,Active,73.82,1,O=C(Nc1nnc(C2CC2)o1)c1ccc(S(=O)(=O)NCc2ccccc2)cc1
24814165.0,CC1=CC=C(C=C1)N2C=C(C3=C2N=CN=C3N4CCN(CC4)C)C5=CC=CC=C5,Active,62.03,1,c1ccc(-c2cn(-c3ccccc3)c3ncnc(N4CCNCC4)c23)cc1
